SenIP,SenR,SenDFL,SenIPFirst,SenRFirst,SenDFLFirst
26,324,416,2,3,4
9,238,183,9,2,1
5,48,89,5,4,8
0,9,10,0,9,1
2,5,30,2,5,3
1,19,45,1,1,4
1,7,10,1,7,1
0,10,13,0,1,1
14,289,292,1,2,2
4,75,88,4,7,8
4,117,147,4,1,1
3,31,51,3,3,5
6,183,217,6,1,2
7,71,106,7,7,1
4,56,91,4,5,9
1,36,49,1,3,4
2,72,58,2,7,5
0,6,7,0,6,7
2,42,59,2,4,5
5,104,120,5,1,1
0,13,7,0,1,7
0,11,6,0,1,6
2,3,8,2,3,8
4,36,50,4,3,5
0,12,14,0,1,1
4,22,63,4,2,6
2,13,11,2,1,1
5,27,48,5,2,4
0,10,15,0,1,1
2,61,101,2,6,1
2,40,29,2,4,2
6,260,290,6,2,2
0,27,34,0,2,3
0,21,9,0,2,9
4,31,28,4,3,2
0,17,29,0,1,2
1,21,9,1,2,9
12,258,311,1,2,3
4,26,31,4,2,3
7,128,129,7,1,1
0,10,11,0,1,1
2,42,44,2,4,4
0,15,11,0,1,1
3,78,78,3,7,7
7,76,76,7,7,7
5,66,102,5,6,1
2,9,7,2,9,7
4,24,23,4,2,2
4,37,45,4,3,4
1,16,6,1,1,6
2,4,8,2,4,8
2,20,41,2,2,4
1,10,15,1,1,1
3,14,18,3,1,1
23,794,506,2,7,5
21,736,496,2,7,4
32,806,585,3,8,5
22,563,470,2,5,4
27,840,540,2,8,5
24,638,394,2,6,3
14,529,339,1,5,3
17,642,436,1,6,4
14,695,419,1,6,4
19,700,550,1,7,5
19,202,277,1,2,2
17,336,367,1,3,3
12,355,330,1,3,3
20,308,424,2,3,4
21,273,326,2,2,3
29,234,359,2,2,3
26,322,327,2,3,3
18,360,342,1,3,3
7,77,47,7,7,4
18,310,471,1,3,4
13,368,479,1,3,4
20,286,386,2,2,3
14,217,291,1,2,2
17,520,474,1,5,4
14,340,270,1,3,2
14,307,300,1,3,3
35,339,378,3,3,3
15,307,429,1,3,4
20,295,329,2,2,3
6,336,421,6,3,4
12,292,439,1,2,4
12,422,404,1,4,4
9,481,381,9,4,3
15,431,280,1,4,2
14,842,491,1,8,4
26,319,425,2,3,4
21,395,459,2,3,4
21,364,374,2,3,3
19,511,506,1,5,5
15,385,398,1,3,3
29,700,618,2,7,6
19,648,627,1,6,6
9,207,156,9,2,1
33,793,642,3,7,6
25,306,363,2,3,3
15,621,740,1,6,7
26,250,654,2,2,6
21,210,526,2,2,5
16,202,545,1,2,5
19,229,461,1,2,4
24,284,545,2,2,5
21,300,470,2,3,4
15,243,520,1,2,5
28,208,465,2,2,4
53,977,743,5,9,7
27,798,726,2,7,7
31,764,576,3,7,5
31,555,489,3,5,4
13,310,306,1,3,3
18,544,539,1,5,5
16,371,334,1,3,3
29,592,591,2,5,5
15,326,380,1,3,3
26,321,422,2,3,4
22,414,464,2,4,4
22,402,469,2,4,4
24,386,483,2,3,4
19,313,449,1,3,4
15,444,493,1,4,4
18,454,480,1,4,4
9,391,487,9,3,4
59,604,722,5,6,7
30,406,531,3,4,5
32,474,572,3,4,5
14,259,322,1,2,3
11,181,213,1,1,2
20,392,518,2,3,5
44,712,506,4,7,5
35,738,571,3,7,5
27,718,508,2,7,5
23,297,480,2,2,4
15,332,459,1,3,4
20,246,476,2,2,4
16,228,417,1,2,4
18,210,339,1,2,3
12,171,329,1,1,3
24,388,545,2,3,5
14,346,551,1,3,5
23,240,406,2,2,4
19,410,587,1,4,5
6,131,284,6,1,2
22,177,353,2,1,3
21,443,320,2,4,3
28,775,488,2,7,4
22,659,407,2,6,4
19,627,368,1,6,3
9,578,288,9,5,2
10,614,356,1,6,3
3,31,111,3,3,1
25,244,321,2,2,3
19,406,354,1,4,3
26,588,523,2,5,5
17,467,465,1,4,4
16,862,597,1,8,5
16,448,358,1,4,3
17,715,416,1,7,4
24,793,581,2,7,5
52,1120,818,5,1,8
31,710,383,3,7,3
16,426,227,1,4,2
19,546,369,1,5,3
18,564,302,1,5,3
25,552,307,2,5,3
16,323,207,1,3,2
33,918,681,3,9,6
12,290,216,1,2,2
13,606,333,1,6,3
36,813,581,3,8,5
31,645,525,3,6,5
16,298,237,1,2,2
21,489,426,2,4,4
23,564,429,2,5,4
36,651,462,3,6,4
20,522,329,2,5,3
15,260,281,1,2,2
20,264,386,2,2,3
20,395,587,2,3,5
0,18,12,0,1,1
4,86,65,4,8,6
8,116,107,8,1,1
32,283,237,3,2,2
1,18,31,1,1,3
6,29,43,6,2,4
5,51,51,5,5,5
15,254,190,1,2,1
2,40,50,2,4,5
13,231,226,1,2,2
15,188,144,1,1,1
0,0,0,0,0,0
35,341,369,3,3,3
22,441,560,2,4,5
40,633,559,4,6,5
1,14,38,1,1,3
35,365,300,3,3,3
9,52,34,9,5,3
1,37,39,1,3,3
27,154,153,2,1,1
2,67,57,2,6,5
3,36,34,3,3,3
13,147,108,1,1,1
9,155,105,9,1,1
26,295,303,2,2,3
10,87,131,1,8,1
6,103,75,6,1,7
23,402,325,2,4,3
5,48,77,5,4,7
5,16,22,5,1,2
25,177,126,2,1,1
1,20,37,1,2,3
2,26,11,2,2,1
8,128,115,8,1,1
1,30,37,1,3,3
11,124,50,1,1,5
2,43,30,2,4,3
6,54,75,6,5,7
11,78,75,1,7,7
4,18,14,4,1,1
5,92,56,5,9,5
12,58,97,1,5,9
9,144,78,9,1,7
2,81,46,2,8,4
0,12,20,0,1,2
4,40,56,4,4,5
0,24,5,0,2,5
2,85,23,2,8,2
1,32,56,1,3,5
1,5,5,1,5,5
41,490,517,4,4,5
19,206,427,1,2,4
21,280,404,2,2,4
24,308,448,2,3,4
44,351,502,4,3,5
24,435,673,2,4,6
1,14,20,1,1,2
2,32,23,2,3,2
5,90,85,5,9,8
5,46,66,5,4,6
5,34,20,5,3,2
2,34,32,2,3,3
27,224,240,2,2,2
25,323,325,2,3,3
0,1,2,0,1,2
19,388,401,1,3,4
3,76,62,3,7,6
0,1,3,0,1,3
7,150,100,7,1,1
6,38,31,6,3,3
8,51,25,8,5,2
3,38,46,3,3,4
0,23,24,0,2,2
7,117,85,7,1,8
1,50,19,1,5,1
1,8,6,1,8,6
7,148,138,7,1,1
0,14,26,0,1,2
2,4,11,2,4,1
3,51,42,3,5,4
1,52,81,1,5,8
46,911,809,4,9,8
2,20,4,2,2,4
0,17,6,0,1,6
9,11,233,9,1,2
12,172,152,1,1,1
1,7,11,1,7,1
6,12,349,6,1,3
6,6,278,6,6,2
4,0,218,4,0,2
2,41,53,2,4,5
1,43,14,1,4,1
1,7,12,1,7,1
1,21,13,1,2,1
4,13,12,4,1,1
1,10,7,1,1,7
4,44,44,4,4,4
4,100,28,4,1,2
1,32,14,1,3,1
6,98,231,6,9,2
3,36,30,3,3,3
21,346,311,2,3,3
1,21,25,1,2,2
11,281,312,1,2,3
0,3,9,0,3,9
0,2,10,0,2,1
1,22,44,1,2,4
1,25,25,1,2,2
5,28,38,5,2,3
0,13,15,0,1,1
17,154,151,1,1,1
29,415,375,2,4,3
4,33,45,4,3,4
13,206,121,1,2,1
2,218,109,2,2,1
7,138,80,7,1,8
12,167,102,1,1,1
13,261,147,1,2,1
15,182,154,1,1,1
19,177,183,1,1,1
24,415,289,2,4,2
0,2,3,0,2,3
24,249,220,2,2,2
0,0,0,0,0,0
21,298,263,2,2,2
26,211,373,2,2,3
16,90,196,1,9,1
18,302,178,1,3,1
18,306,325,1,3,3
30,360,358,3,3,3
33,369,370,3,3,3
27,551,501,2,5,5
24,313,333,2,3,3
34,421,360,3,4,3
0,0,0,0,0,0
11,121,107,1,1,1
45,606,534,4,6,5
2,20,48,2,2,4
2,15,30,2,1,3
1,9,28,1,9,2
0,3,7,0,3,7
7,75,64,7,7,6
1,20,50,1,2,5
5,24,47,5,2,4
7,41,98,7,4,9
1,1,6,1,1,6
3,21,47,3,2,4
5,86,162,5,8,1
0,15,26,0,1,2
0,4,5,0,4,5
0,17,17,0,1,1
0,23,20,0,2,2
2,20,23,2,2,2
3,31,26,3,3,2
21,223,230,2,2,2
7,138,130,7,1,1
1,23,17,1,2,1
0,9,21,0,9,2
4,22,56,4,2,5
0,11,8,0,1,8
8,73,67,8,7,6
6,79,63,6,7,6
6,63,62,6,6,6
4,47,72,4,4,7
5,37,21,5,3,2
7,43,59,7,4,5
12,238,180,1,2,1
29,379,383,2,3,3
8,149,136,8,1,1
10,86,132,1,8,1
8,131,128,8,1,1
11,111,119,1,1,1
29,317,496,2,3,4
16,117,125,1,1,1
16,213,150,1,2,1
1,53,28,1,5,2
2,71,49,2,7,4
3,73,94,3,7,9
15,149,224,1,1,2
10,117,222,1,1,2
5,34,57,5,3,5
21,199,337,2,1,3
8,91,215,8,9,2
8,88,169,8,8,1
23,197,268,2,1,2
11,144,229,1,1,2
21,362,377,2,3,3
13,229,398,1,2,3
18,175,503,1,1,5
24,280,422,2,2,4
20,259,441,2,2,4
14,205,299,1,2,2
7,163,269,7,1,2
26,467,700,2,4,7
51,573,1104,5,5,1
19,337,379,1,3,3
6,63,73,6,6,7
0,59,40,0,5,4
18,377,360,1,3,3
28,255,307,2,2,3
3,67,43,3,6,4
5,66,39,5,6,3
0,3,0,0,3,0
0,1,0,0,1,0
1,32,35,1,3,3
3,59,33,3,5,3
18,247,228,1,2,2
13,115,161,1,1,1
2,62,50,2,6,5
2,61,85,2,6,8
16,211,262,1,2,2
5,64,55,5,6,5
6,52,63,6,5,6
5,51,55,5,5,5
6,71,31,6,7,3
3,58,33,3,5,3
4,56,34,4,5,3
4,0,5,4,0,5
4,42,71,4,4,7
21,180,147,2,1,1
5,75,28,5,7,2
1,15,14,1,1,1
10,36,86,1,3,8
3,159,61,3,1,6
0,64,65,0,6,6
9,64,32,9,6,3
3,54,54,3,5,5
12,171,140,1,1,1
1,42,33,1,4,3
15,195,244,1,1,2
22,279,372,2,2,3
18,271,300,1,2,3
16,188,241,1,1,2
16,415,408,1,4,4
21,224,322,2,2,3
13,373,369,1,3,3
13,338,293,1,3,2
3,64,26,3,6,2
3,87,31,3,8,3
2,85,76,2,8,7
12,217,193,1,2,1
15,367,224,1,3,2
10,166,143,1,1,1
11,186,148,1,1,1
6,82,26,6,8,2
2,33,20,2,3,2
10,73,94,1,7,9
5,20,37,5,2,3
8,50,127,8,5,1
10,177,310,1,1,3
1,28,28,1,2,2
9,150,254,9,1,2
5,85,184,5,8,1
15,389,685,1,3,6
13,195,476,1,1,4
18,195,545,1,1,5
22,266,504,2,2,5
11,312,488,1,3,4
2,16,155,2,1,1
1,25,31,1,2,3
4,18,38,4,1,3
1,24,55,1,2,5
4,98,130,4,9,1
4,41,52,4,4,5
6,66,73,6,6,7
3,19,48,3,1,4
2,31,50,2,3,5
9,98,166,9,9,1
26,176,488,2,1,4
13,179,294,1,1,2
0,0,6,0,0,6
9,96,277,9,9,2
4,42,50,4,4,5
4,34,76,4,3,7
14,109,265,1,1,2
6,120,152,6,1,1
12,85,139,1,8,1
11,56,116,1,5,1
1,26,52,1,2,5
0,18,65,0,1,6
44,870,1280,4,8,1
21,346,560,2,3,5
6,42,136,6,4,1
4,84,117,4,8,1
4,7,30,4,7,3
6,243,110,6,2,1
9,274,108,9,2,1
33,824,601,3,8,6
17,760,582,1,7,5
20,719,707,2,7,7
10,621,411,1,6,4
22,838,609,2,8,6
17,1065,645,1,1,6
28,984,677,2,9,6
17,992,516,1,9,5
38,978,879,3,9,8
34,1392,877,3,1,8
45,958,799,4,9,7
41,956,874,4,9,8
23,305,235,2,3,2
11,324,211,1,3,2
1,8,6,1,8,6
6,119,59,6,1,5
8,91,53,8,9,5
15,295,143,1,2,1
10,521,295,1,5,2
8,429,220,8,4,2
4,72,47,4,7,4
35,690,435,3,6,4
11,222,172,1,2,1
7,492,212,7,4,2
20,757,496,2,7,4
18,931,418,1,9,4
48,1263,919,4,1,9
58,1329,1056,5,1,1
15,374,204,1,3,2
39,894,563,3,8,5
5,379,202,5,3,2
11,224,83,1,2,8
2,20,13,2,2,1
7,25,41,7,2,4
8,112,72,8,1,7
4,87,60,4,8,6
2,3,21,2,3,2
2,21,20,2,2,2
14,169,141,1,1,1
2,12,14,2,1,1
3,33,41,3,3,4
2,0,4,2,0,4
1,14,15,1,1,1
2,29,17,2,2,1
3,44,19,3,4,1
5,28,20,5,2,2
3,32,119,3,3,1
1,25,31,1,2,3
5,127,153,5,1,1
3,31,27,3,3,2
17,359,187,1,3,1
9,269,138,9,2,1
1,15,21,1,1,2
4,34,46,4,3,4
7,52,70,7,5,7
1,17,4,1,1,4
4,93,98,4,9,9
3,59,33,3,5,3
6,32,50,6,3,5
8,141,120,8,1,1
17,388,211,1,3,2
2,132,76,2,1,7
0,15,18,0,1,1
2,38,31,2,3,3
5,132,94,5,1,9
2,26,17,2,2,1
4,80,53,4,8,5
12,243,111,1,2,1
1,40,20,1,4,2
3,35,19,3,3,1
0,3,0,0,3,0
2,20,18,2,2,1
10,91,277,1,9,2
9,86,62,9,8,6
0,60,67,0,6,6
10,133,125,1,1,1
21,229,148,2,2,1
14,155,139,1,1,1
3,20,12,3,2,1
11,163,193,1,1,1
8,54,54,8,5,5
6,32,35,6,3,3
0,0,0,0,0,0
1,30,26,1,3,2
2,32,10,2,3,1
0,0,0,0,0,0
20,398,353,2,3,3
0,7,27,0,7,2
2,45,43,2,4,4
1,22,13,1,2,1
0,2,3,0,2,3
38,508,451,3,5,4
4,87,56,4,8,5
2,35,35,2,3,3
2,49,37,2,4,3
11,156,136,1,1,1
1,147,128,1,1,1
2,43,23,2,4,2
7,67,58,7,6,5
10,170,240,1,1,2
6,43,86,6,4,8
1,5,14,1,5,1
14,113,64,1,1,6
0,37,40,0,3,4
7,192,227,7,1,2
4,28,83,4,2,8
10,226,277,1,2,2
3,23,28,3,2,2
2,21,22,2,2,2
5,121,231,5,1,2
4,52,52,4,5,5
0,0,0,0,0,0
3,17,45,3,1,4
0,16,59,0,1,5
3,59,55,3,5,5
0,49,30,0,4,3
0,36,37,0,3,3
1,22,33,1,2,3
9,62,79,9,6,7
3,33,77,3,3,7
34,347,467,3,3,4
23,376,480,2,3,4
1,96,19,1,9,1
3,80,62,3,8,6
14,142,160,1,1,1
0,53,47,0,5,4
4,41,45,4,4,4
6,33,43,6,3,4
2,68,29,2,6,2
13,190,164,1,1,1
9,104,158,9,1,1
48,1016,928,4,1,9
24,500,451,2,5,4
16,542,477,1,5,4
26,432,372,2,4,3
14,350,307,1,3,3
12,209,191,1,2,1
26,771,464,2,7,4
36,883,832,3,8,8
19,455,324,1,4,3
27,481,414,2,4,4
44,755,635,4,7,6
35,473,356,3,4,3
16,227,330,1,2,3
15,171,122,1,1,1
16,144,132,1,1,1
13,229,204,1,2,2
0,6,6,0,6,6
31,193,200,3,1,2
16,423,343,1,4,3
12,186,223,1,1,2
79,1716,1346,7,1,1
2,36,47,2,3,4
4,107,173,4,1,1
11,97,109,1,9,1
8,102,139,8,1,1
0,27,34,0,2,3
2,20,21,2,2,2
5,62,87,5,6,8
34,379,685,3,3,6
9,103,109,9,1,1
0,46,61,0,4,6
2,72,78,2,7,7
1,26,33,1,2,3
1,19,16,1,1,1
0,16,19,0,1,1
0,13,12,0,1,1
1,9,34,1,9,3
24,142,199,2,1,1
2,58,52,2,5,5
3,27,30,3,2,3
0,28,30,0,2,3
33,250,354,3,2,3
5,80,93,5,8,9
3,55,55,3,5,5
5,28,55,5,2,5
1,39,33,1,3,3
2,50,44,2,5,4
1,15,29,1,1,2
5,72,32,5,7,3
3,41,52,3,4,5
2,57,57,2,5,5
47,496,776,4,4,7
15,291,714,1,2,7
16,323,532,1,3,5
29,461,708,2,4,7
11,51,133,1,5,1
5,93,218,5,9,2
10,55,207,1,5,2
26,258,620,2,2,6
21,261,466,2,2,4
18,602,541,1,6,5
13,233,356,1,2,3
11,133,221,1,1,2
24,297,392,2,2,3
18,409,582,1,4,5
0,20,51,0,2,5
0,0,2,0,0,2
3,33,29,3,3,2
8,362,352,8,3,3
4,93,121,4,9,1
3,88,65,3,8,6
6,86,79,6,8,7
0,27,38,0,2,3
1,30,43,1,3,4
4,47,52,4,4,5
1,45,122,1,4,1
0,25,20,0,2,2
2,13,17,2,1,1
14,146,180,1,1,1
5,29,17,5,2,1
6,93,71,6,9,7
1,25,12,1,2,1
11,169,135,1,1,1
9,62,40,9,6,4
7,78,43,7,7,4
2,31,27,2,3,2
3,36,59,3,3,5
1,17,11,1,1,1
0,2,0,0,2,0
0,1,0,0,1,0
2,77,52,2,7,5
4,34,28,4,3,2
2,14,45,2,1,4
6,85,52,6,8,5
1,4,10,1,4,1
3,55,21,3,5,2
7,56,52,7,5,5
14,92,61,1,9,6
0,92,60,0,9,6
7,103,69,7,1,6
2,35,8,2,3,8
6,14,22,6,1,2
6,111,54,6,1,5
2,42,26,2,4,2
1,17,24,1,1,2
0,1,0,0,1,0
1,15,17,1,1,1
0,38,112,0,3,1
6,98,221,6,9,2
12,78,224,1,7,2
6,28,100,6,2,1
3,83,110,3,8,1
9,103,189,9,1,1
5,90,175,5,9,1
10,119,178,1,1,1
1,38,63,1,3,6
1,39,86,1,3,8
2,40,87,2,4,8
0,31,79,0,3,7
7,160,228,7,1,2
5,40,25,5,4,2
0,40,19,0,4,1
0,36,37,0,3,3
2,19,34,2,1,3
3,81,36,3,8,3
1,2,4,1,2,4
1,35,37,1,3,3
2,30,17,2,3,1
2,29,15,2,2,1
3,26,11,3,2,1
4,73,75,4,7,7
5,39,32,5,3,3
3,23,62,3,2,6
1,69,54,1,6,5
3,80,43,3,8,4
33,394,278,3,3,2
2,52,30,2,5,3
3,33,21,3,3,2
0,36,27,0,3,2
1,19,12,1,1,1
3,21,31,3,2,3
4,36,47,4,3,4
3,53,25,3,5,2
9,96,155,9,9,1
3,51,46,3,5,4
12,193,190,1,1,1
17,231,264,1,2,2
15,113,168,1,1,1
18,127,187,1,1,1
24,598,570,2,5,5
28,411,373,2,4,3
18,443,361,1,4,3
17,361,305,1,3,3
11,287,228,1,2,2
15,150,196,1,1,1
18,364,404,1,3,4
15,221,279,1,2,2
12,203,285,1,2,2
24,172,209,2,1,2
13,232,293,1,2,2
0,0,2,0,0,2
29,209,256,2,2,2
23,143,177,2,1,1
16,597,438,1,5,4
9,240,205,9,2,2
18,200,301,1,2,3
14,103,189,1,1,1
9,459,295,9,4,2
7,284,241,7,2,2
31,402,280,3,4,2
0,5,1,0,5,1
2,50,63,2,5,6
10,112,87,1,1,8
17,374,270,1,3,2
3,22,16,3,2,1
6,99,84,6,9,8
17,391,341,1,3,3
8,236,182,8,2,1
3,81,77,3,8,7
10,143,96,1,1,9
2,14,15,2,1,1
14,204,173,1,2,1
5,22,5,5,2,5
3,37,61,3,3,6
7,199,200,7,1,2
14,410,230,1,4,2
11,282,222,1,2,2
2,13,22,2,1,2
6,67,139,6,6,1
7,74,60,7,7,6
6,147,73,6,1,7
24,545,410,2,5,4
24,580,450,2,5,4
1,11,14,1,1,1
16,240,221,1,2,2
1,25,15,1,2,1
8,148,146,8,1,1
11,236,189,1,2,1
18,605,416,1,6,4
16,167,170,1,1,1
34,378,365,3,3,3
7,174,71,7,1,7
18,422,347,1,4,3
3,68,69,3,6,6
3,61,46,3,6,4
6,82,76,6,8,7
10,117,98,1,1,9
3,45,64,3,4,6
6,148,93,6,1,9
0,45,29,0,4,2
1,10,23,1,1,2
3,91,109,3,9,1
20,456,324,2,4,3
17,539,553,1,5,5
16,490,494,1,4,4
15,437,547,1,4,5
18,452,637,1,4,6
12,632,598,1,6,5
33,973,841,3,9,8
16,308,425,1,3,4
15,610,673,1,6,6
22,704,782,2,7,7
22,749,727,2,7,7
20,593,690,2,5,6
32,607,707,3,6,7
22,640,723,2,6,7
15,470,494,1,4,4
19,381,509,1,3,5
8,337,422,8,3,4
33,781,828,3,7,8
24,473,500,2,4,5
30,461,532,3,4,5
27,623,771,2,6,7
14,254,436,1,2,4
20,500,695,2,5,6
13,584,601,1,5,6
40,892,1045,4,8,1
18,525,447,1,5,4
17,673,791,1,6,7
18,596,607,1,5,6
12,451,464,1,4,4
32,569,697,3,5,6
19,563,691,1,5,6
18,811,799,1,8,7
26,626,625,2,6,6
20,452,472,2,4,4
25,337,229,2,3,2
3,32,25,3,3,2
15,182,104,1,1,1
9,236,283,9,2,2
35,575,884,3,5,8
20,580,675,2,5,6
33,549,788,3,5,7
24,755,896,2,7,8
23,536,680,2,5,6
14,415,635,1,4,6
38,849,983,3,8,9
32,843,874,3,8,8
26,840,866,2,8,8
21,643,841,2,6,8
9,368,397,9,3,3
24,363,500,2,3,5
14,358,516,1,3,5
17,362,504,1,3,5
26,697,973,2,6,9
11,596,663,1,5,6
20,543,575,2,5,5
26,807,760,2,8,7
16,673,599,1,6,5
21,518,356,2,5,3
13,400,227,1,4,2
22,253,309,2,2,3
37,545,494,3,5,4
25,604,439,2,6,4
32,829,553,3,8,5
34,608,480,3,6,4
21,598,409,2,5,4
12,168,131,1,1,1
14,120,87,1,1,8
7,213,141,7,2,1
24,334,472,2,3,4
30,382,436,3,3,4
24,385,427,2,3,4
32,489,517,3,4,5
21,478,606,2,4,6
28,429,545,2,4,5
39,606,538,3,6,5
23,413,415,2,4,4
31,674,650,3,6,6
17,671,528,1,6,5
29,812,618,2,8,6
21,680,843,2,6,8
39,646,816,3,6,8
29,467,656,2,4,6
36,422,633,3,4,6
33,544,746,3,5,7
20,191,394,2,1,3
24,426,557,2,4,5
22,518,497,2,5,4
14,899,617,1,8,6
22,626,513,2,6,5
20,683,473,2,6,4
13,667,482,1,6,4
14,712,443,1,7,4
20,756,473,2,7,4
18,680,454,1,6,4
19,691,442,1,6,4
18,759,443,1,7,4
17,924,609,1,9,6
22,687,501,2,6,5
17,591,457,1,5,4
16,563,518,1,5,5
37,596,570,3,5,5
31,846,692,3,8,6
37,635,519,3,6,5
8,248,319,8,2,3
18,267,205,1,2,2
4,33,52,4,3,5
11,744,775,1,7,7
14,755,613,1,7,6
17,652,792,1,6,7
22,405,509,2,4,5
16,661,600,1,6,6
3,31,26,3,3,2
2,21,18,2,2,1
10,213,176,1,2,1
7,173,382,7,1,3
8,71,64,8,7,6
5,147,112,5,1,1
30,481,459,3,4,4
26,888,756,2,8,7
16,541,501,1,5,5
27,828,672,2,8,6
21,370,458,2,3,4
14,469,391,1,4,3
23,449,475,2,4,4
31,631,618,3,6,6
5,95,79,5,9,7
32,571,952,3,5,9
27,392,613,2,3,6
55,677,1003,5,6,1
13,99,217,1,9,2
56,660,1181,5,6,1
1,228,77,1,2,7
5,92,83,5,9,8
19,253,198,1,2,1
5,82,123,5,8,1
32,445,829,3,4,8
15,214,428,1,2,4
34,584,1067,3,5,1
19,259,543,1,2,5
20,453,733,2,4,7
27,694,962,2,6,9
4,91,66,4,9,6
0,0,0,0,0,0
14,178,122,1,1,1
8,60,66,8,6,6
4,107,73,4,1,7
17,129,94,1,1,9
34,296,301,3,2,3
12,87,91,1,8,9
6,72,39,6,7,3
16,175,284,1,1,2
13,98,87,1,9,8
8,79,84,8,7,8
59,792,715,5,7,7
29,175,193,2,1,1
20,239,213,2,2,2
36,448,330,3,4,3
15,175,121,1,1,1
4,46,20,4,4,2
10,131,122,1,1,1
26,210,156,2,2,1
21,147,110,2,1,1
4,81,67,4,8,6
4,78,65,4,7,6
30,572,495,3,5,4
27,498,433,2,4,4
30,429,467,3,4,4
35,341,383,3,3,3
0,36,33,0,3,3
19,280,309,1,2,3
22,688,516,2,6,5
7,85,56,7,8,5
10,71,115,1,7,1
6,200,144,6,2,1
7,81,105,7,8,1
26,606,430,2,6,4
11,105,107,1,1,1
2,52,53,2,5,5
5,39,49,5,3,4
5,43,69,5,4,6
19,219,167,1,2,1
8,233,162,8,2,1
14,344,277,1,3,2
5,54,65,5,5,6
38,1171,843,3,1,8
9,245,220,9,2,2
5,120,115,5,1,1
5,69,58,5,6,5
6,12,17,6,1,1
0,76,50,0,7,5
10,57,84,1,5,8
9,187,206,9,1,2
8,197,176,8,1,1
2,35,31,2,3,3
3,67,45,3,6,4
17,228,255,1,2,2
5,130,106,5,1,1
10,57,46,1,5,4
9,88,54,9,8,5
7,60,73,7,6,7
2,66,42,2,6,4
9,181,190,9,1,1
19,221,221,1,2,2
14,156,127,1,1,1
9,87,66,9,8,6
8,51,88,8,5,8
1,53,33,1,5,3
8,59,34,8,5,3
4,30,26,4,3,2
3,72,40,3,7,4
2,69,28,2,6,2
1,36,46,1,3,4
11,92,95,1,9,9
2,63,35,2,6,3
1,72,28,1,7,2
5,57,53,5,5,5
5,39,41,5,3,4
4,41,43,4,4,4
10,52,167,1,5,1
4,43,50,4,4,5
1,38,31,1,3,3
8,99,131,8,9,1
4,30,38,4,3,3
3,38,17,3,3,1
4,48,33,4,4,3
2,41,23,2,4,2
0,41,49,0,4,4
2,105,50,2,1,5
5,39,26,5,3,2
1,12,14,1,1,1
39,328,428,3,3,4
19,206,181,1,2,1
1,50,28,1,5,2
4,36,77,4,3,7
10,77,83,1,7,8
1,37,47,1,3,4
13,73,76,1,7,7
8,36,58,8,3,5
7,37,74,7,3,7
3,41,64,3,4,6
9,64,77,9,6,7
4,83,69,4,8,6
21,192,251,2,1,2
7,91,97,7,9,9
6,126,62,6,1,6
7,68,61,7,6,6
22,69,68,2,6,6
9,80,52,9,8,5
14,174,244,1,1,2
3,55,69,3,5,6
8,39,74,8,3,7
3,82,49,3,8,4
13,121,256,1,1,2
11,57,171,1,5,1
5,49,85,5,4,8
4,59,103,4,5,1
6,35,46,6,3,4
6,31,86,6,3,8
4,59,72,4,5,7
4,32,51,4,3,5
28,195,294,2,1,2
5,46,48,5,4,4
38,301,497,3,3,4
25,213,240,2,2,2
54,390,400,5,3,4
9,115,111,9,1,1
11,104,69,1,1,6
2,11,14,2,1,1
18,106,101,1,1,1
5,45,70,5,4,7
33,766,905,3,7,9
26,348,542,2,3,5
36,501,750,3,5,7
34,463,696,3,4,6
29,227,427,2,2,4
34,320,507,3,3,5
8,132,166,8,1,1
0,4,4,0,4,4
7,104,141,7,1,1
1,69,62,1,6,6
13,226,236,1,2,2
7,78,99,7,7,9
6,70,59,6,7,5
11,128,134,1,1,1
5,26,26,5,2,2
10,49,99,1,4,9
7,51,69,7,5,6
1,34,42,1,3,4
8,95,100,8,9,1
10,85,103,1,8,1
5,86,82,5,8,8
15,78,205,1,7,2
4,68,69,4,6,6
6,66,48,6,6,4
10,38,73,1,3,7
4,94,69,4,9,6
3,63,31,3,6,3
8,46,60,8,4,6
7,8,10,7,8,1
6,86,107,6,8,1
2,52,65,2,5,6
14,125,125,1,1,1
1,6,13,1,6,1
2,91,59,2,9,5
6,53,92,6,5,9
3,61,91,3,6,9
5,160,144,5,1,1
14,87,99,1,8,9
3,70,68,3,7,6
0,11,42,0,1,4
1,24,18,1,2,1
8,110,69,8,1,6
10,95,74,1,9,7
23,327,333,2,3,3
36,372,338,3,3,3
19,305,213,1,3,2
7,90,48,7,9,4
7,45,32,7,4,3
10,178,176,1,1,1
19,367,341,1,3,3
13,188,155,1,1,1
7,138,61,7,1,6
12,183,186,1,1,1
6,109,74,6,1,7
24,271,291,2,2,2
7,85,68,7,8,6
8,172,159,8,1,1
18,222,202,1,2,2
11,161,114,1,1,1
34,406,351,3,4,3
11,138,97,1,1,9
21,290,364,2,2,3
22,316,373,2,3,3
13,300,443,1,3,4
8,308,347,8,3,3
15,279,502,1,2,5
14,304,338,1,3,3
17,189,341,1,1,3
14,209,312,1,2,3
6,200,120,6,2,1
14,259,196,1,2,1
12,166,196,1,1,1
3,92,121,3,9,1
12,220,139,1,2,1
5,144,54,5,1,5
10,149,125,1,1,1
7,155,138,7,1,1
11,253,261,1,2,2
16,351,306,1,3,3
12,145,100,1,1,1
6,76,128,6,7,1
5,45,92,5,4,9
0,16,32,0,1,3
20,234,261,2,2,2
6,32,32,6,3,3
7,60,87,7,6,8
2,93,110,2,9,1
3,11,12,3,1,1
1,50,118,1,5,1
6,103,143,6,1,1
2,47,69,2,4,6
2,31,7,2,3,7
2,34,40,2,3,4
0,14,26,0,1,2
0,22,30,0,2,3
2,13,20,2,1,2
1,17,13,1,1,1
10,109,123,1,1,1
2,37,40,2,3,4
2,37,30,2,3,3
4,33,52,4,3,5
3,28,47,3,2,4
3,23,42,3,2,4
19,400,556,1,4,5
15,482,591,1,4,5
13,243,464,1,2,4
22,483,674,2,4,6
21,508,698,2,5,6
25,476,601,2,4,6
12,390,476,1,3,4
19,491,696,1,4,6
18,554,699,1,5,6
26,836,1088,2,8,1
12,459,505,1,4,5
25,437,700,2,4,7
15,603,662,1,6,6
6,609,448,6,6,4
26,522,690,2,5,6
12,442,459,1,4,4
18,568,848,1,5,8
11,371,495,1,3,4
18,447,486,1,4,4
13,431,403,1,4,4
23,463,786,2,4,7
23,465,705,2,4,7
16,671,625,1,6,6
13,606,602,1,6,6
15,283,467,1,2,4
18,283,409,1,2,4
26,291,600,2,2,6
28,389,564,2,3,5
18,328,568,1,3,5
29,481,691,2,4,6
8,213,283,8,2,2
21,245,424,2,2,4
26,297,726,2,2,7
20,215,647,2,2,6
14,369,825,1,3,8
35,400,934,3,4,9
28,465,914,2,4,9
27,271,514,2,2,5
16,210,443,1,2,4
12,146,358,1,1,3
19,263,482,1,2,4
16,258,568,1,2,5
18,223,494,1,2,4
27,520,649,2,5,6
21,448,686,2,4,6
16,481,606,1,4,6
19,631,547,1,6,5
21,256,501,2,2,5
16,317,564,1,3,5
21,383,668,2,3,6
11,188,380,1,1,3
17,707,749,1,7,7
16,423,508,1,4,5
11,222,254,1,2,2
22,538,627,2,5,6
20,519,624,2,5,6
17,271,550,1,2,5
36,430,806,3,4,8
13,216,410,1,2,4
23,246,685,2,2,6
29,410,646,2,4,6
14,204,477,1,2,4
2,126,189,2,1,1
58,1052,1051,5,1,1
44,1256,1056,4,1,1
45,973,927,4,9,9
49,1010,963,4,1,9
0,0,0,0,0,0
0,0,0,0,0,0
28,949,433,2,9,4
15,604,338,1,6,3
39,434,723,3,4,7
9,166,303,9,1,3
10,154,202,1,1,2
26,389,599,2,3,5
18,318,506,1,3,5
10,112,243,1,1,2
19,208,414,1,2,4
27,405,642,2,4,6
4,81,167,4,8,1
25,362,581,2,3,5
22,257,507,2,2,5
3,188,114,3,1,1
7,153,133,7,1,1
40,756,433,4,7,4
8,549,351,8,5,3
13,505,473,1,5,4
21,588,579,2,5,5
17,657,702,1,6,7
17,571,662,1,5,6
19,540,664,1,5,6
17,756,781,1,7,7
19,582,639,1,5,6
9,543,491,9,5,4
7,475,361,7,4,3
20,843,620,2,8,6
27,824,688,2,8,6
10,288,431,1,2,4
16,532,742,1,5,7
23,533,603,2,5,6
22,951,879,2,9,8
22,634,660,2,6,6
27,946,837,2,9,8
12,656,477,1,6,4
10,1121,674,1,1,6
17,883,633,1,8,6
9,300,248,9,3,2
11,594,627,1,5,6
9,749,637,9,7,6
13,391,630,1,3,6
4,956,657,4,9,6
9,482,878,9,4,8
8,811,693,8,8,6
11,650,708,1,6,7
9,456,545,9,4,5
6,654,593,6,6,5
11,452,653,1,4,6
7,586,434,7,5,4
14,637,749,1,6,7
7,296,258,7,2,2
8,263,455,8,2,4
12,438,824,1,4,8
9,701,570,9,7,5
13,614,692,1,6,6
7,220,530,7,2,5
16,557,1012,1,5,1
12,486,438,1,4,4
22,358,467,2,3,4
1,5,29,1,5,2
19,334,835,1,3,8
23,493,1121,2,4,1
10,296,843,1,2,8
16,453,726,1,4,7
6,266,716,6,2,7
21,431,847,2,4,8
15,439,863,1,4,8
22,379,829,2,3,8
16,818,352,1,8,3
3,248,158,3,2,1
8,161,80,8,1,8
8,239,539,8,2,5
17,388,678,1,3,6
8,283,452,8,2,4
20,209,579,2,2,5
19,294,590,1,2,5
16,371,651,1,3,6
23,1127,566,2,1,5
17,373,384,1,3,3
5,175,103,5,1,1
22,598,593,2,5,5
21,524,538,2,5,5
12,436,441,1,4,4
20,407,387,2,4,3
17,572,548,1,5,5
9,508,445,9,5,4
14,672,534,1,6,5
19,617,417,1,6,4
23,678,559,2,6,5
21,635,588,2,6,5
11,652,428,1,6,4
19,467,460,1,4,4
20,550,632,2,5,6
17,566,385,1,5,3
20,507,495,2,5,4
22,727,612,2,7,6
12,484,550,1,4,5
16,704,582,1,7,5
14,490,370,1,4,3
18,856,499,1,8,4
15,567,381,1,5,3
13,707,359,1,7,3
17,492,393,1,4,3
20,347,295,2,3,2
2,65,115,2,6,1
15,692,399,1,6,3
20,976,447,2,9,4
8,86,372,8,8,3
33,347,1342,3,3,1
28,291,1219,2,2,1
24,216,1081,2,2,1
21,229,944,2,2,9
28,218,1150,2,2,1
16,146,678,1,1,6
21,96,664,2,9,6
34,158,1026,3,1,1
12,93,478,1,9,4
20,200,1559,2,2,1
6,66,948,6,6,9
13,130,681,1,1,6
17,168,484,1,1,4
17,108,919,1,1,9
6,102,589,6,1,5
4,55,325,4,5,3
20,210,1612,2,2,1
5,70,599,5,7,5
20,273,652,2,2,6
22,336,659,2,3,6
7,134,816,7,1,8
18,261,1314,1,2,1
13,81,486,1,8,4
8,184,796,8,1,7
27,188,1296,2,1,1
11,298,863,1,2,8
7,242,693,7,2,6
4,260,822,4,2,8
12,78,346,1,7,3
8,192,552,8,1,5
8,59,284,8,5,2
17,157,665,1,1,6
25,204,864,2,2,8
15,72,414,1,7,4
18,252,1062,1,2,1
28,141,940,2,1,9
14,113,685,1,1,6
9,203,763,9,2,7
11,139,860,1,1,8
13,87,843,1,8,8
21,73,641,2,7,6
12,43,506,1,4,5
14,50,583,1,5,5
13,53,619,1,5,6
7,29,249,7,2,2
13,39,540,1,3,5
23,72,584,2,7,5
18,52,595,1,5,5
5,23,478,5,2,4
9,69,986,9,6,9
19,72,719,1,7,7
25,301,694,2,3,6
7,40,426,7,4,4
11,74,362,1,7,3
4,41,293,4,4,2
7,58,504,7,5,5
9,63,704,9,6,7
2,69,699,2,6,6
5,239,868,5,2,8
14,242,1290,1,2,1
12,340,1018,1,3,1
12,145,1021,1,1,1
19,271,804,1,2,8
10,126,645,1,1,6
23,357,1451,2,3,1
11,212,1266,1,2,1
4,33,346,4,3,3
14,55,566,1,5,5
22,126,1256,2,1,1
10,53,691,1,5,6
11,72,864,1,7,8
19,157,1394,1,1,1
20,127,1343,2,1,1
21,194,1756,2,1,1
27,201,1538,2,2,1
22,78,1012,2,7,1
21,88,1374,2,8,1
27,131,674,2,1,6
6,53,479,6,5,4
3,34,273,3,3,2
17,139,1127,1,1,1
17,67,687,1,6,6
3,16,73,3,1,7
13,92,957,1,9,9
7,202,1079,7,2,1
16,187,890,1,1,8
0,0,0,0,0,0
16,125,920,1,1,9
14,120,908,1,1,9
0,0,0,0,0,0
14,175,1205,1,1,1
11,106,1484,1,1,1
18,74,782,1,7,7
18,84,876,1,8,8
14,162,1032,1,1,1
24,320,1198,2,3,1
16,188,959,1,1,9
26,285,1538,2,2,1
18,201,823,1,2,8
17,344,1344,1,3,1
26,336,1189,2,3,1
30,313,1016,3,3,1
11,136,540,1,1,5
13,269,808,1,2,8
23,198,1429,2,1,1
13,194,1338,1,1,1
27,266,1503,2,2,1
8,120,697,8,1,6
24,318,1651,2,3,1
12,201,864,1,2,8
6,23,48,6,2,4
8,91,623,8,9,6
18,168,895,1,1,8
21,242,850,2,2,8
25,157,800,2,1,8
29,238,1445,2,2,1
10,290,800,1,2,8
15,285,1415,1,2,1
10,316,1435,1,3,1
20,416,1500,2,4,1
6,362,1606,6,3,1
8,290,1167,8,2,1
10,407,1553,1,4,1
17,283,1076,1,2,1
17,370,1290,1,3,1
9,134,612,9,1,6
18,444,674,1,4,6
10,344,440,1,3,4
11,325,558,1,3,5
19,565,849,1,5,8
5,381,431,5,3,4
10,403,568,1,4,5
11,374,493,1,3,4
11,490,777,1,4,7
21,535,811,2,5,8
9,444,872,9,4,8
10,269,525,1,2,5
9,301,508,9,3,5
11,403,385,1,4,3
11,516,604,1,5,6
16,666,558,1,6,5
16,349,556,1,3,5
14,771,805,1,7,8
11,365,352,1,3,3
20,415,435,2,4,4
22,555,616,2,5,6
13,530,639,1,5,6
9,411,584,9,4,5
27,488,634,2,4,6
2,230,105,2,2,1
16,598,418,1,5,4
5,204,114,5,2,1
24,495,259,2,4,2
13,582,262,1,5,2
17,538,423,1,5,4
22,487,411,2,4,4
30,490,435,3,4,4
27,466,448,2,4,4
14,240,421,1,2,4
20,382,710,2,3,7
19,455,742,1,4,7
29,469,616,2,4,6
15,246,380,1,2,3
16,116,235,1,1,2
31,546,788,3,5,7
21,288,519,2,2,5
10,713,399,1,7,3
6,322,191,6,3,1
10,468,319,1,4,3
10,776,455,1,7,4
21,399,485,2,3,4
6,370,304,6,3,3
11,961,738,1,9,7
7,575,400,7,5,4
10,683,681,1,6,6
18,715,661,1,7,6
7,485,412,7,4,4
25,1157,970,2,1,9
13,567,586,1,5,5
19,695,1013,1,6,1
7,553,451,7,5,4
15,516,568,1,5,5
20,539,485,2,5,4
30,593,717,3,5,7
26,984,1214,2,9,1
25,499,614,2,4,6
22,740,829,2,7,8
22,286,440,2,2,4
13,683,607,1,6,6
18,465,511,1,4,5
19,741,683,1,7,6
29,693,731,2,6,7
22,512,771,2,5,7
13,509,603,1,5,6
28,537,1045,2,5,1
22,374,749,2,3,7
20,524,1086,2,5,1
26,478,1110,2,4,1
26,486,939,2,4,9
24,383,698,2,3,6
12,284,551,1,2,5
15,296,666,1,2,6
33,409,886,3,4,8
23,426,828,2,4,8
29,474,1091,2,4,1
29,352,800,2,3,8
25,320,900,2,3,9
5,58,37,5,5,3
35,1108,659,3,1,6
39,1714,983,3,1,9
1,66,39,1,6,3
13,658,479,1,6,4
7,463,456,7,4,4
14,851,572,1,8,5
13,320,289,1,3,2
19,417,672,1,4,6
29,645,1105,2,6,1
22,566,402,2,5,4
10,508,1164,1,5,1
20,500,1268,2,5,1
9,120,382,9,1,3
9,169,463,9,1,4
10,251,493,1,2,4
17,356,851,1,3,8
26,496,1217,2,4,1
18,336,798,1,3,7
22,248,758,2,2,7
10,269,594,1,2,5
18,274,643,1,2,6
31,437,991,3,4,9
11,328,648,1,3,6
18,486,1295,1,4,1
10,276,636,1,2,6
7,247,497,7,2,4
6,423,306,6,4,3
23,1121,851,2,1,8
3,176,90,3,1,9
6,59,57,6,5,5
12,59,122,1,5,1
10,74,105,1,7,1
21,177,253,2,1,2
35,249,295,3,2,2
17,135,141,1,1,1
8,42,50,8,4,5
8,62,37,8,6,3
17,87,100,1,8,1
15,93,101,1,9,1
29,172,173,2,1,1
17,110,100,1,1,1
0,20,24,0,2,2
48,493,402,4,4,4
27,249,379,2,2,3
12,130,163,1,1,1
36,327,243,3,3,2
12,82,65,1,8,6
17,134,103,1,1,1
13,119,98,1,1,9
9,63,53,9,6,5
40,183,304,4,1,3
5,98,82,5,9,8
7,76,55,7,7,5
10,80,84,1,8,8
3,54,31,3,5,3
13,96,77,1,9,7
11,49,77,1,4,7
9,113,127,9,1,1
7,170,114,7,1,1
3,23,32,3,2,3
3,37,22,3,3,2
4,41,34,4,4,3
5,92,79,5,9,7
5,159,196,5,1,1
2,14,17,2,1,1
4,62,43,4,6,4
9,127,96,9,1,9
2,88,57,2,8,5
1,15,15,1,1,1
17,327,305,1,3,3
2,49,52,2,4,5
25,411,265,2,4,2
10,204,141,1,2,1
1,22,15,1,2,1
14,290,257,1,2,2
9,97,73,9,9,7
6,42,33,6,4,3
7,128,198,7,1,1
4,7,11,4,7,1
2,18,28,2,1,2
5,118,133,5,1,1
7,75,54,7,7,5
13,274,208,1,2,2
18,216,220,1,2,2
26,387,353,2,3,3
6,118,106,6,1,1
3,32,28,3,3,2
0,21,37,0,2,3
0,5,0,0,5,0
9,166,120,9,1,1
1,10,14,1,1,1
15,328,204,1,3,2
3,18,17,3,1,1
4,109,99,4,1,9
34,392,335,3,3,3
25,666,519,2,6,5
19,226,273,1,2,2
44,792,926,4,7,9
33,509,474,3,5,4
17,529,440,1,5,4
7,194,92,7,1,9
56,756,627,5,7,6
29,534,382,2,5,3
21,153,141,2,1,1
19,390,330,1,3,3
12,197,126,1,1,1
0,0,0,0,0,0
19,395,219,1,3,2
10,367,281,1,3,2
7,236,234,7,2,2
21,543,322,2,5,3
26,390,301,2,3,3
0,13,8,0,1,8
18,175,216,1,1,2
10,50,33,1,5,3
3,33,88,3,3,8
6,118,161,6,1,1
23,595,605,2,5,6
21,259,294,2,2,2
6,33,65,6,3,6
7,44,95,7,4,9
5,45,57,5,4,5
10,187,191,1,1,1
6,55,197,6,5,1
4,36,70,4,3,7
4,108,129,4,1,1
4,21,96,4,2,9
7,37,39,7,3,3
22,261,512,2,2,5
6,164,163,6,1,1
0,1,0,0,1,0
9,105,139,9,1,1
0,0,0,0,0,0
9,141,137,9,1,1
2,14,18,2,1,1
4,55,99,4,5,9
0,28,18,0,2,1
4,98,136,4,9,1
10,39,93,1,3,9
19,255,459,1,2,4
26,347,609,2,3,6
17,278,414,1,2,4
30,623,820,3,6,8
0,16,4,0,1,4
3,31,83,3,3,8
1,5,6,1,5,6
7,69,203,7,6,2
27,739,774,2,7,7
2,26,63,2,2,6
14,81,328,1,8,3
3,26,29,3,2,2
3,44,57,3,4,5
5,121,149,5,1,1
2,51,146,2,5,1
0,11,6,0,1,6
4,64,178,4,6,1
4,37,56,4,3,5
3,61,71,3,6,7
5,46,182,5,4,1
5,120,106,5,1,1
2,17,20,2,1,2
8,98,179,8,9,1
1,15,6,1,1,6
6,133,118,6,1,1
0,0,0,0,0,0
12,90,331,1,9,3
5,99,235,5,9,2
2,9,2,2,9,2
1,63,57,1,6,5
0,5,5,0,5,5
6,43,45,6,4,4
2,44,36,2,4,3
2,57,50,2,5,5
5,51,58,5,5,5
1,5,17,1,5,1
4,47,65,4,4,6
1,17,38,1,1,3
7,68,147,7,6,1
11,283,253,1,2,2
4,18,10,4,1,1
23,195,293,2,1,2
5,125,147,5,1,1
6,12,41,6,1,4
0,14,11,0,1,1
0,4,6,0,4,6
3,80,67,3,8,6
5,27,45,5,2,4
3,30,56,3,3,5
1,19,25,1,1,2
0,13,16,0,1,1
2,42,28,2,4,2
2,17,20,2,1,2
5,50,31,5,5,3
3,61,69,3,6,6
3,51,45,3,5,4
4,49,51,4,4,5
4,50,28,4,5,2
5,60,38,5,6,3
14,60,134,1,6,1
11,80,45,1,8,4
5,51,45,5,5,4
19,276,277,1,2,2
22,286,267,2,2,2
1,21,29,1,2,2
2,27,24,2,2,2
13,131,118,1,1,1
16,127,134,1,1,1
2,36,42,2,3,4
2,66,45,2,6,4
8,31,46,8,3,4
4,68,33,4,6,3
1,42,28,1,4,2
3,34,26,3,3,2
3,42,29,3,4,2
3,34,31,3,3,3
3,40,23,3,4,2
3,2,17,3,2,1
3,58,38,3,5,3
2,73,72,2,7,7
28,365,366,2,3,3
0,0,0,0,0,0
10,238,255,1,2,2
18,198,225,1,1,2
6,49,36,6,4,3
17,179,133,1,1,1
0,26,27,0,2,2
5,59,34,5,5,3
6,88,73,6,8,7
14,141,119,1,1,1
19,236,266,1,2,2
0,59,34,0,5,3
44,528,690,4,5,6
6,50,69,6,5,6
6,173,192,6,1,1
6,93,64,6,9,6
3,21,11,3,2,1
8,130,131,8,1,1
11,206,186,1,2,1
5,66,102,5,6,1
21,144,225,2,1,2
2,46,40,2,4,4
2,95,101,2,9,1
10,86,133,1,8,1
14,602,479,1,6,4
2,31,40,2,3,4
2,82,31,2,8,3
10,75,88,1,7,8
8,65,92,8,6,9
10,443,387,1,4,3
3,143,136,3,1,1
1,138,29,1,1,2
12,274,217,1,2,2
8,95,88,8,9,8
2,155,119,2,1,1
9,282,276,9,2,2
3,25,48,3,2,4
5,27,53,5,2,5
1,51,37,1,5,3
5,112,45,5,1,4
14,186,303,1,1,3
34,670,699,3,6,6
7,65,71,7,6,7
6,66,74,6,6,7
4,264,11,4,2,1
9,138,140,9,1,1
0,9,11,0,9,1
3,87,71,3,8,7
10,106,84,1,1,8
3,106,59,3,1,5
7,227,267,7,2,2
2,19,26,2,1,2
10,129,82,1,1,8
14,324,254,1,3,2
13,116,204,1,1,2
14,178,228,1,1,2
21,210,335,2,2,3
19,324,388,1,3,3
13,389,394,1,3,3
0,0,0,0,0,0
19,301,375,1,3,3
11,122,199,1,1,1
8,177,235,8,1,2
12,153,235,1,1,2
16,131,241,1,1,2
15,241,327,1,2,3
3,102,111,3,1,1
1,19,17,1,1,1
1,2,7,1,2,7
0,12,6,0,1,6
0,6,12,0,6,1
0,5,19,0,5,1
1,21,31,1,2,3
0,3,7,0,3,7
3,9,27,3,9,2
15,162,273,1,1,2
0,23,28,0,2,2
0,6,8,0,6,8
0,10,13,0,1,1
0,19,12,0,1,1
0,0,12,0,0,1
0,4,9,0,4,9
0,27,25,0,2,2
7,123,127,7,1,1
3,18,79,3,1,7
0,0,0,0,0,0
2,21,48,2,2,4
3,54,99,3,5,9
0,9,2,0,9,2
0,0,0,0,0,0
0,6,24,0,6,2
0,2,1,0,2,1
1,8,9,1,8,9
0,2,19,0,2,1
2,16,30,2,1,3
0,25,30,0,2,3
1,5,12,1,5,1
2,4,4,2,4,4
1,19,17,1,1,1
1,5,27,1,5,2
0,3,8,0,3,8
1,17,8,1,1,8
2,7,13,2,7,1
2,9,11,2,9,1
1,10,13,1,1,1
5,34,49,5,3,4
9,46,62,9,4,6
1,11,15,1,1,1
25,230,442,2,2,4
24,195,422,2,1,4
35,332,603,3,3,6
3,32,38,3,3,3
18,228,317,1,2,3
11,100,155,1,1,1
9,82,143,9,8,1
12,88,136,1,8,1
7,94,158,7,9,1
1,14,7,1,1,7
1,22,34,1,2,3
2,32,61,2,3,6
8,48,129,8,4,1
0,23,26,0,2,2
3,30,22,3,3,2
0,0,0,0,0,0
10,127,144,1,1,1
5,106,115,5,1,1
3,2,12,3,2,1
12,94,67,1,9,6
1,18,16,1,1,1
3,31,20,3,3,2
2,19,30,2,1,3
1,36,46,1,3,4
2,28,36,2,2,3
2,14,43,2,1,4
5,86,41,5,8,4
1,36,47,1,3,4
18,188,348,1,1,3
4,21,24,4,2,2
0,17,36,0,1,3
7,25,44,7,2,4
2,26,41,2,2,4
0,41,48,0,4,4
1,35,55,1,3,5
0,13,12,0,1,1
14,246,362,1,2,3
4,43,37,4,4,3
1,17,21,1,1,2
1,30,31,1,3,3
3,25,34,3,2,3
0,11,21,0,1,2
4,11,12,4,1,1
1,24,17,1,2,1
2,28,43,2,2,4
1,59,81,1,5,8
4,27,36,4,2,3
4,40,17,4,4,1
2,41,21,2,4,2
3,30,32,3,3,3
7,55,61,7,5,6
4,52,77,4,5,7
9,46,158,9,4,1
12,176,204,1,1,2
9,104,181,9,1,1
22,219,309,2,2,3
14,174,377,1,1,3
3,32,39,3,3,3
15,98,266,1,9,2
7,98,163,7,9,1
14,106,262,1,1,2
9,137,310,9,1,3
2,24,42,2,2,4
6,63,130,6,6,1
11,114,194,1,1,1
6,117,211,6,1,2
3,60,128,3,6,1
2,47,26,2,4,2
5,57,42,5,5,4
15,106,126,1,1,1
7,47,44,7,4,4
8,104,79,8,1,7
14,90,65,1,9,6
4,21,21,4,2,2
2,19,16,2,1,1
9,87,75,9,8,7
3,108,102,3,1,1
2,33,21,2,3,2
0,26,15,0,2,1
12,147,95,1,1,9
5,19,25,5,1,2
1,37,35,1,3,3
1,49,26,1,4,2
0,0,0,0,0,0
3,19,19,3,1,1
10,99,148,1,9,1
9,155,149,9,1,1
4,60,96,4,6,9
4,102,94,4,1,9
10,129,144,1,1,1
13,236,187,1,2,1
1,21,29,1,2,2
6,58,115,6,5,1
9,63,100,9,6,1
10,216,248,1,2,2
5,24,27,5,2,2
4,78,71,4,7,7
13,426,309,1,4,3
18,312,338,1,3,3
23,320,384,2,3,3
17,199,215,1,1,2
6,150,129,6,1,1
0,0,0,0,0,0
30,400,472,3,4,4
11,127,110,1,1,1
20,509,442,2,5,4
5,51,78,5,5,7
12,122,156,1,1,1
6,100,128,6,1,1
8,245,152,8,2,1
17,220,305,1,2,3
5,146,128,5,1,1
1,38,46,1,3,4
3,15,25,3,1,2
5,32,49,5,3,4
3,36,22,3,3,2
4,23,8,4,2,8
5,16,21,5,1,2
17,97,115,1,9,1
7,38,45,7,3,4
5,58,44,5,5,4
15,94,153,1,9,1
20,142,101,2,1,1
6,45,25,6,4,2
2,16,37,2,1,3
2,43,25,2,4,2
0,22,36,0,2,3
7,35,35,7,3,3
3,26,46,3,2,4
6,47,45,6,4,4
34,189,207,3,1,2
1,29,15,1,2,1
5,57,36,5,5,3
11,93,99,1,9,9
3,44,35,3,4,3
5,49,50,5,4,5
11,216,230,1,2,2
2,35,29,2,3,2
6,43,47,6,4,4
5,80,54,5,8,5
3,6,7,3,6,7
3,12,19,3,1,1
1,44,73,1,4,7
1,81,52,1,8,5
3,40,27,3,4,2
5,143,81,5,1,8
3,45,39,3,4,3
7,72,42,7,7,4
5,120,75,5,1,7
7,61,25,7,6,2
32,554,528,3,5,5
36,742,697,3,7,6
32,615,589,3,6,5
16,259,247,1,2,2
2,43,23,2,4,2
1,50,38,1,5,3
4,86,34,4,8,3
7,52,64,7,5,6
3,35,24,3,3,2
2,73,49,2,7,4
1,56,37,1,5,3
2,11,31,2,1,3
43,260,333,4,2,3
4,43,43,4,4,4
4,58,42,4,5,4
20,311,198,2,3,1
12,227,99,1,2,9
1,18,20,1,1,2
11,127,115,1,1,1
8,95,74,8,9,7
16,217,187,1,2,1
9,200,176,9,2,1
18,217,224,1,2,2
15,194,162,1,1,1
7,142,74,7,1,7
10,171,150,1,1,1
5,147,111,5,1,1
7,204,130,7,2,1
46,726,621,4,7,6
43,720,631,4,7,6
45,870,794,4,8,7
14,311,214,1,3,2
10,304,208,1,3,2
9,126,68,9,1,6
4,70,45,4,7,4
14,56,52,1,5,5
13,145,118,1,1,1
9,45,36,9,4,3
5,106,126,5,1,1
14,73,90,1,7,9
6,109,76,6,1,7
20,414,246,2,4,2
12,204,141,1,2,1
1,16,13,1,1,1
2,6,27,2,6,2
2,18,16,2,1,1
2,23,25,2,2,2
1,6,11,1,6,1
1,18,23,1,1,2
5,21,31,5,2,3
7,38,37,7,3,3
5,27,27,5,2,2
2,30,38,2,3,3
26,118,249,2,1,2
3,25,28,3,2,2
7,38,44,7,3,4
10,80,106,1,8,1
2,18,28,2,1,2
2,40,33,2,4,3
5,26,112,5,2,1
1,17,75,1,1,7
8,33,76,8,3,7
1,27,19,1,2,1
3,17,23,3,1,2
3,44,52,3,4,5
7,119,162,7,1,1
1,16,11,1,1,1
0,5,11,0,5,1
1,16,30,1,1,3
3,9,8,3,9,8
5,19,16,5,1,1
0,5,20,0,5,2
0,32,30,0,3,3
0,10,2,0,1,2
0,3,0,0,3,0
0,2,4,0,2,4
0,12,2,0,1,2
0,12,22,0,1,2
1,7,12,1,7,1
8,46,68,8,4,6
1,14,25,1,1,2
0,4,2,0,4,2
1,9,16,1,9,1
5,18,51,5,1,5
7,7,18,7,7,1
6,25,31,6,2,3
1,11,17,1,1,1
2,14,32,2,1,3
0,2,6,0,2,6
5,65,52,5,6,5
1,38,19,1,3,1
10,36,69,1,3,6
1,22,17,1,2,1
0,10,5,0,1,5
1,20,27,1,2,2
0,0,0,0,0,0
1,26,32,1,2,3
1,57,60,1,5,6
6,50,39,6,5,3
4,31,48,4,3,4
9,56,51,9,5,5
0,26,38,0,2,3
4,20,58,4,2,5
0,10,10,0,1,1
3,24,36,3,2,3
0,8,7,0,8,7
3,39,42,3,3,4
11,105,157,1,1,1
2,9,28,2,9,2
0,22,17,0,2,1
2,9,18,2,9,1
2,37,32,2,3,3
0,36,28,0,3,2
0,8,11,0,8,1
2,16,14,2,1,1
3,37,37,3,3,3
0,19,17,0,1,1
17,204,181,1,2,1
11,156,142,1,1,1
1,33,17,1,3,1
0,28,20,0,2,2
0,5,14,0,5,1
2,29,21,2,2,2
2,67,40,2,6,4
5,51,33,5,5,3
13,45,72,1,4,7
11,38,47,1,3,4
6,93,34,6,9,3
3,50,33,3,5,3
11,291,185,1,2,1
22,380,292,2,3,2
13,249,213,1,2,2
21,328,251,2,3,2
19,133,148,1,1,1
14,215,147,1,2,1
12,204,148,1,2,1
17,127,157,1,1,1
1,88,48,1,8,4
3,73,49,3,7,4
1,71,31,1,7,3
4,63,33,4,6,3
12,53,62,1,5,6
2,76,30,2,7,3
5,55,31,5,5,3
1,40,25,1,4,2
5,92,57,5,9,5
2,56,24,2,5,2
4,52,44,4,5,4
0,6,13,0,6,1
5,46,41,5,4,4
7,60,35,7,6,3
2,105,65,2,1,6
19,197,176,1,1,1
9,140,86,9,1,8
6,76,40,6,7,4
10,138,120,1,1,1
19,202,173,1,2,1
1,36,46,1,3,4
21,112,129,2,1,1
6,80,42,6,8,4
6,57,99,6,5,9
2,9,6,2,9,6
13,87,76,1,8,7
19,303,155,1,3,1
6,57,88,6,5,8
6,42,29,6,4,2
7,59,63,7,5,6
6,71,54,6,7,5
15,166,152,1,1,1
24,278,224,2,2,2
17,394,267,1,3,2
12,61,76,1,6,7
10,253,141,1,2,1
8,140,143,8,1,1
15,155,154,1,1,1
16,158,168,1,1,1
9,85,115,9,8,1
7,75,70,7,7,7
5,37,21,5,3,2
20,324,181,2,3,1
21,223,257,2,2,2
21,213,277,2,2,2
9,204,235,9,2,2
28,235,274,2,2,2
22,163,204,2,1,2
11,212,186,1,2,1
12,83,95,1,8,9
7,77,61,7,7,6
13,147,106,1,1,1
10,112,151,1,1,1
1,15,8,1,1,8
14,293,198,1,2,1
20,311,283,2,3,2
8,29,30,8,2,3
4,42,28,4,4,2
6,141,186,6,1,1
12,59,60,1,5,6
9,261,176,9,2,1
7,82,92,7,8,9
7,127,180,7,1,1
7,98,102,7,9,1
12,111,273,1,1,2
2,4,8,2,4,8
34,409,486,3,4,4
17,347,224,1,3,2
21,334,204,2,3,2
3,15,13,3,1,1
10,89,191,1,8,1
11,75,108,1,7,1
9,126,111,9,1,1
1,32,35,1,3,3
38,589,758,3,5,7
24,418,345,2,4,3
5,166,136,5,1,1
2,38,68,2,3,6
2,143,109,2,1,1
9,179,106,9,1,1
14,254,168,1,2,1
4,44,42,4,4,4
3,49,32,3,4,3
9,179,85,9,1,8
10,122,80,1,1,8
11,100,74,1,1,7
12,142,124,1,1,1
7,135,99,7,1,9
4,23,19,4,2,1
13,254,106,1,2,1
3,44,55,3,4,5
0,10,13,0,1,1
7,107,87,7,1,8
9,169,133,9,1,1
2,17,26,2,1,2
1,2,10,1,2,1
1,42,33,1,4,3
4,63,70,4,6,7
5,14,26,5,1,2
3,32,39,3,3,3
33,395,554,3,3,5
42,679,693,4,6,6
40,359,392,4,3,3
16,392,322,1,3,3
8,92,104,8,9,1
5,84,86,5,8,8
4,60,35,4,6,3
1,14,22,1,1,2
8,97,85,8,9,8
17,268,241,1,2,2
7,100,66,7,1,6
15,225,177,1,2,1
3,61,54,3,6,5
5,57,65,5,5,6
13,97,85,1,9,8
8,117,76,8,1,7
12,171,132,1,1,1
3,52,22,3,5,2
14,172,172,1,1,1
14,374,264,1,3,2
5,25,45,5,2,4
8,139,153,8,1,1
3,50,51,3,5,5
4,137,72,4,1,7
14,172,119,1,1,1
7,81,53,7,8,5
19,96,160,1,9,1
10,67,107,1,6,1
21,358,627,2,3,6
21,345,640,2,3,6
29,424,687,2,4,6
29,651,843,2,6,8
35,214,407,3,2,4
29,298,669,2,2,6
7,141,216,7,1,2
4,24,28,4,2,2
18,104,143,1,1,1
2,35,38,2,3,3
11,58,70,1,5,7
5,56,50,5,5,5
5,20,30,5,2,3
12,99,48,1,9,4
29,191,208,2,1,2
6,80,57,6,8,5
16,138,185,1,1,1
22,132,187,2,1,1
3,61,51,3,6,5
4,37,49,4,3,4
6,48,122,6,4,1
3,59,84,3,5,8
11,11,60,1,1,6
1,58,61,1,5,6
8,60,81,8,6,8
9,68,57,9,6,5
7,72,46,7,7,4
8,103,71,8,1,7
9,123,134,9,1,1
10,41,99,1,4,9
3,12,6,3,1,6
6,74,40,6,7,4
0,0,17,0,0,1
4,64,104,4,6,1
4,11,36,4,1,3
6,82,61,6,8,6
6,56,93,6,5,9
2,24,21,2,2,2
6,37,35,6,3,3
7,55,48,7,5,4
5,25,13,5,2,1
8,57,17,8,5,1
2,79,12,2,7,1
12,31,53,1,3,5
4,29,28,4,2,2
1,33,25,1,3,2
3,10,19,3,1,1
1,28,38,1,2,3
3,37,17,3,3,1
26,189,225,2,1,2
6,4,19,6,4,1
6,15,19,6,1,1
5,23,36,5,2,3
3,22,25,3,2,2
14,81,81,1,8,8
10,50,66,1,5,6
6,58,22,6,5,2
6,37,45,6,3,4
2,43,32,2,4,3
10,64,83,1,6,8
2,59,17,2,5,1
7,51,27,7,5,2
1,74,71,1,7,7
2,16,24,2,1,2
65,325,425,6,3,4
8,70,63,8,7,6
13,223,213,1,2,2
2,54,49,2,5,4
3,21,27,3,2,2
14,134,120,1,1,1
11,132,93,1,1,9
5,67,47,5,6,4
7,72,86,7,7,8
11,139,143,1,1,1
6,146,156,6,1,1
0,0,0,0,0,0
2,74,54,2,7,5
19,191,186,1,1,1
6,115,98,6,1,9
23,207,456,2,2,4
31,209,458,3,2,4
22,303,370,2,3,3
26,412,508,2,4,5
16,466,407,1,4,4
28,418,453,2,4,4
3,63,89,3,6,8
12,83,132,1,8,1
3,15,23,3,1,2
17,282,555,1,2,5
35,336,627,3,3,6
15,156,459,1,1,4
34,233,559,3,2,5
9,54,64,9,5,6
7,93,82,7,9,8
25,148,148,2,1,1
5,21,28,5,2,2
7,106,59,7,1,5
0,32,32,0,3,3
11,63,71,1,6,7
5,55,35,5,5,3
4,6,27,4,6,2
6,61,43,6,6,4
12,90,63,1,9,6
4,36,44,4,3,4
5,55,12,5,5,1
9,34,25,9,3,2
3,75,26,3,7,2
0,3,1,0,3,1
2,30,18,2,3,1
5,146,23,5,1,2
6,33,42,6,3,4
2,11,11,2,1,1
8,40,6,8,4,6
12,61,42,1,6,4
4,20,16,4,2,1
6,42,35,6,4,3
15,49,65,1,4,6
4,45,44,4,4,4
4,52,31,4,5,3
11,43,54,1,4,5
4,30,14,4,3,1
12,53,53,1,5,5
2,38,19,2,3,1
20,184,175,2,1,1
15,84,102,1,8,1
6,64,101,6,6,1
11,30,87,1,3,8
13,97,125,1,9,1
25,395,303,2,3,3
9,89,107,9,8,1
10,89,106,1,8,1
10,103,149,1,1,1
30,271,201,3,2,2
11,89,53,1,8,5
10,119,166,1,1,1
11,143,195,1,1,1
2,8,15,2,8,1
1,22,50,1,2,5
1,8,12,1,8,1
1,18,61,1,1,6
2,20,40,2,2,4
2,17,62,2,1,6
0,7,5,0,7,5
1,15,23,1,1,2
10,56,95,1,5,9
0,28,16,0,2,1
1,16,13,1,1,1
7,40,59,7,4,5
2,11,22,2,1,2
2,26,24,2,2,2
2,24,39,2,2,3
3,9,42,3,9,4
0,15,18,0,1,1
2,31,35,2,3,3
1,4,30,1,4,3
0,6,17,0,6,1
1,15,34,1,1,3
2,13,15,2,1,1
6,31,34,6,3,3
4,10,27,4,1,2
1,13,7,1,1,7
3,7,27,3,7,2
1,14,37,1,1,3
9,70,154,9,7,1
0,10,29,0,1,2
5,28,50,5,2,5
1,1,18,1,1,1
80,887,765,8,8,7
25,533,468,2,5,4
2,83,56,2,8,5
2,56,18,2,5,1
0,0,0,0,0,0
21,172,180,2,1,1
16,102,86,1,1,8
8,74,55,8,7,5
6,63,69,6,6,6
47,303,259,4,3,2
5,130,75,5,1,7
11,94,80,1,9,8
9,348,309,9,3,3
16,244,155,1,2,1
18,269,190,1,2,1
46,787,659,4,7,6
0,0,0,0,0,0
28,309,212,2,3,2
5,122,101,5,1,1
22,292,208,2,2,2
19,491,335,1,4,3
8,113,112,8,1,1
21,170,116,2,1,1
4,59,46,4,5,4
14,153,232,1,1,2
24,286,372,2,2,3
27,515,514,2,5,5
8,150,188,8,1,1
42,392,396,4,3,3
7,65,122,7,6,1
28,491,491,2,4,4
11,381,339,1,3,3
16,291,256,1,2,2
6,67,69,6,6,6
9,297,249,9,2,2
3,80,89,3,8,8
14,136,337,1,1,3
20,382,759,2,3,7
20,316,337,2,3,3
18,458,489,1,4,4
9,271,299,9,2,2
12,250,270,1,2,2
22,537,605,2,5,6
31,505,470,3,5,4
19,342,318,1,3,3
18,415,366,1,4,3
17,351,345,1,3,3
21,241,347,2,2,3
46,535,636,4,5,6
16,362,288,1,3,2
19,424,434,1,4,4
15,264,480,1,2,4
13,90,165,1,9,1
29,160,292,2,1,2
17,179,258,1,1,2
18,179,308,1,1,3
2,49,84,2,4,8
17,231,301,1,2,3
7,189,211,7,1,2
2,64,54,2,6,5
21,288,535,2,2,5
24,216,272,2,2,2
17,527,625,1,5,6
24,407,566,2,4,5
25,616,635,2,6,6
8,180,229,8,1,2
23,628,564,2,6,5
3,110,153,3,1,1
27,592,658,2,5,6
30,517,654,3,5,6
20,290,393,2,2,3
24,316,469,2,3,4
12,111,177,1,1,1
13,147,199,1,1,1
29,321,432,2,3,4
19,192,250,1,1,2
9,448,343,9,4,3
0,0,0,0,0,0
0,4,3,0,4,3
0,9,9,0,9,9
11,153,100,1,1,1
20,269,190,2,2,1
107,1089,890,1,1,8
12,146,87,1,1,8
4,51,34,4,5,3
4,103,99,4,1,9
12,373,238,1,3,2
18,171,153,1,1,1
3,60,35,3,6,3
6,57,13,6,5,1
4,116,37,4,1,3
6,140,66,6,1,6
2,82,36,2,8,3
10,153,85,1,1,8
0,60,22,0,6,2
1,17,19,1,1,1
5,126,103,5,1,1
7,158,66,7,1,6
4,107,71,4,1,7
5,37,56,5,3,5
13,246,138,1,2,1
5,105,69,5,1,6
8,48,32,8,4,3
2,71,46,2,7,4
5,24,19,5,2,1
12,169,166,1,1,1
14,233,183,1,2,1
4,81,105,4,8,1
1,52,62,1,5,6
11,240,143,1,2,1
6,39,35,6,3,3
2,28,29,2,2,2
13,172,142,1,1,1
4,48,53,4,4,5
4,16,13,4,1,1
8,71,85,8,7,8
8,202,176,8,2,1
15,215,232,1,2,2
16,274,198,1,2,1
16,330,266,1,3,2
15,406,288,1,4,2
13,271,232,1,2,2
17,292,234,1,2,2
17,351,258,1,3,2
28,329,228,2,3,2
14,252,139,1,2,1
4,61,58,4,6,5
12,152,150,1,1,1
13,225,161,1,2,1
5,109,53,5,1,5
15,142,130,1,1,1
4,78,63,4,7,6
9,180,178,9,1,1
2,65,61,2,6,6
3,57,41,3,5,4
9,177,91,9,1,9
2,55,51,2,5,5
11,170,185,1,1,1
8,173,107,8,1,1
4,63,46,4,6,4
9,171,122,9,1,1
12,174,203,1,1,2
6,78,77,6,7,7
4,45,72,4,4,7
2,60,37,2,6,3
2,41,34,2,4,3
6,38,29,6,3,2
10,142,83,1,1,8
7,156,116,7,1,1
6,158,86,6,1,8
6,96,37,6,9,3
14,163,154,1,1,1
2,77,60,2,7,6
7,112,158,7,1,1
20,237,297,2,2,2
43,437,306,4,4,3
13,220,116,1,2,1
8,159,96,8,1,9
2,14,11,2,1,1
4,22,38,4,2,3
16,251,152,1,2,1
3,102,87,3,1,8
11,112,107,1,1,1
5,114,85,5,1,8
10,133,138,1,1,1
5,107,118,5,1,1
1,32,32,1,3,3
2,119,90,2,1,9
5,53,68,5,5,6
1,4,5,1,4,5
5,72,58,5,7,5
0,19,20,0,1,2
1,33,18,1,3,1
3,25,11,3,2,1
4,51,43,4,5,4
2,13,7,2,1,7
2,15,8,2,1,8
0,24,14,0,2,1
0,33,38,0,3,3
4,13,22,4,1,2
0,23,7,0,2,7
4,11,26,4,1,2
2,21,60,2,2,6
3,34,26,3,3,2
0,6,16,0,6,1
11,84,78,1,8,7
12,130,128,1,1,1
2,22,11,2,2,1
0,16,18,0,1,1
1,13,31,1,1,3
3,48,28,3,4,2
8,110,119,8,1,1
10,137,101,1,1,1
12,29,62,1,2,6
8,71,62,8,7,6
2,34,45,2,3,4
6,111,111,6,1,1
2,14,33,2,1,3
8,106,120,8,1,1
19,105,158,1,1,1
29,219,247,2,2,2
14,105,144,1,1,1
8,144,132,8,1,1
27,222,248,2,2,2
22,366,392,2,3,3
0,11,23,0,1,2
5,66,86,5,6,8
1,16,25,1,1,2
3,42,76,3,4,7
4,104,106,4,1,1
2,26,59,2,2,5
4,44,62,4,4,6
1,7,27,1,7,2
8,70,76,8,7,7
3,11,21,3,1,2
2,32,30,2,3,3
14,188,188,1,1,1
4,89,62,4,8,6
0,22,19,0,2,1
1,31,8,1,3,8
12,142,140,1,1,1
1,8,6,1,8,6
6,57,53,6,5,5
12,89,77,1,8,7
2,23,25,2,2,2
1,6,15,1,6,1
20,160,244,2,1,2
13,164,147,1,1,1
2,4,16,2,4,1
2,36,65,2,3,6
8,82,132,8,8,1
7,96,101,7,9,1
11,40,50,1,4,5
2,5,14,2,5,1
2,27,34,2,2,3
6,40,72,6,4,7
1,36,62,1,3,6
1,6,6,1,6,6
10,142,121,1,1,1
29,426,571,2,4,5
10,263,257,1,2,2
5,131,125,5,1,1
33,495,583,3,4,5
23,300,278,2,3,2
18,220,190,1,2,1
1,21,46,1,2,4
10,169,221,1,1,2
12,175,117,1,1,1
13,49,94,1,4,9
0,0,0,0,0,0
3,55,62,3,5,6
5,42,83,5,4,8
0,14,17,0,1,1
17,260,491,1,2,4
11,53,32,1,5,3
5,32,14,5,3,1
5,86,16,5,8,1
11,60,49,1,6,4
19,441,108,1,4,1
3,71,21,3,7,2
3,41,29,3,4,2
8,52,30,8,5,3
6,69,31,6,6,3
3,4,12,3,4,1
11,22,37,1,2,3
1,12,14,1,1,1
16,78,111,1,7,1
2,118,18,2,1,1
50,297,302,5,2,3
53,410,387,5,4,3
1,35,20,1,3,2
8,32,34,8,3,3
8,88,55,8,8,5
2,18,13,2,1,1
9,80,37,9,8,3
4,20,14,4,2,1
2,32,30,2,3,3
1,18,15,1,1,1
1,27,13,1,2,1
4,16,12,4,1,1
0,10,25,0,1,2
3,57,40,3,5,4
0,10,12,0,1,1
0,6,7,0,6,7
3,48,47,3,4,4
0,7,22,0,7,2
2,15,41,2,1,4
4,97,53,4,9,5
19,151,224,1,1,2
23,205,248,2,2,2
10,122,204,1,1,2
14,113,173,1,1,1
9,153,205,9,1,2
16,153,160,1,1,1
8,95,69,8,9,6
16,281,277,1,2,2
16,233,243,1,2,2
7,71,111,7,7,1
20,169,231,2,1,2
15,221,251,1,2,2
2,31,38,2,3,3
6,50,79,6,5,7
2,37,29,2,3,2
0,24,27,0,2,2
2,26,45,2,2,4
3,12,38,3,1,3
3,10,7,3,1,7
14,135,162,1,1,1
2,73,69,2,7,6
1,44,25,1,4,2
13,209,208,1,2,2
2,30,50,2,3,5
5,79,90,5,7,9
3,51,47,3,5,4
6,61,70,6,6,7
1,18,29,1,1,2
9,45,46,9,4,4
0,3,11,0,3,1
0,10,21,0,1,2
1,14,7,1,1,7
0,14,14,0,1,1
3,20,18,3,2,1
4,32,29,4,3,2
0,22,20,0,2,2
4,84,51,4,8,5
1,4,12,1,4,1
2,20,21,2,2,2
0,17,19,0,1,1
3,46,29,3,4,2
11,109,94,1,1,9
0,17,12,0,1,1
4,66,16,4,6,1
1,32,17,1,3,1
1,50,25,1,5,2
16,106,87,1,1,8
2,28,32,2,2,3
2,26,14,2,2,1
1,11,9,1,1,9
2,32,22,2,3,2
4,16,9,4,1,9
0,10,13,0,1,1
4,37,36,4,3,3
0,11,12,0,1,1
2,25,11,2,2,1
1,43,31,1,4,3
10,58,51,1,5,5
0,6,6,0,6,6
0,12,7,0,1,7
1,33,11,1,3,1
3,32,18,3,3,1
1,23,18,1,2,1
2,12,29,2,1,2
0,10,17,0,1,1
1,11,16,1,1,1
0,20,17,0,2,1
6,20,22,6,2,2
1,31,20,1,3,2
2,104,82,2,1,8
3,46,16,3,4,1
2,33,38,2,3,3
4,57,61,4,5,6
3,50,42,3,5,4
0,0,0,0,0,0
3,49,71,3,4,7
5,43,33,5,4,3
1,4,12,1,4,1
4,44,46,4,4,4
31,314,547,3,3,5
4,70,84,4,7,8
12,229,268,1,2,2
2,63,41,2,6,4
0,27,35,0,2,3
1,22,30,1,2,3
2,37,44,2,3,4
5,123,143,5,1,1
6,107,105,6,1,1
1,68,58,1,6,5
4,116,148,4,1,1
3,47,35,3,4,3
3,56,53,3,5,5
3,102,76,3,1,7
0,29,29,0,2,2
3,2,8,3,2,8
18,163,319,1,1,3
5,37,59,5,3,5
5,44,27,5,4,2
1,10,5,1,1,5
3,52,48,3,5,4
7,99,114,7,9,1
27,745,942,2,7,9
22,572,409,2,5,4
24,632,793,2,6,7
0,0,0,0,0,0
13,267,726,1,2,7
19,306,806,1,3,8
1,93,103,1,9,1
10,215,638,1,2,6
32,418,801,3,4,8
34,508,753,3,5,7
22,383,589,2,3,5
20,164,367,2,1,3
18,313,578,1,3,5
15,301,463,1,3,4
9,184,378,9,1,3
26,259,501,2,2,5
31,427,621,3,4,6
23,499,637,2,4,6
27,501,660,2,5,6
13,149,251,1,1,2
20,334,541,2,3,5
10,322,419,1,3,4
18,191,346,1,1,3
27,353,627,2,3,6
20,451,849,2,4,8
33,756,846,3,7,8
26,545,814,2,5,8
31,298,474,3,2,4
33,598,792,3,5,7
12,209,423,1,2,4
33,717,1051,3,7,1
13,264,499,1,2,4
22,683,882,2,6,8
37,1098,1438,3,1,1
38,804,1140,3,8,1
18,774,450,1,7,4
14,829,481,1,8,4
37,420,618,3,4,6
22,335,518,2,3,5
30,412,592,3,4,5
23,464,635,2,4,6
29,587,780,2,5,7
11,254,374,1,2,3
28,603,1155,2,6,1
38,929,1343,3,9,1
21,541,1134,2,5,1
9,473,796,9,4,7
18,502,918,1,5,9
30,482,823,3,4,8
31,543,1023,3,5,1
21,423,867,2,4,8
24,383,723,2,3,7
12,120,624,1,1,6
17,168,918,1,1,9
27,97,658,2,9,6
13,65,480,1,6,4
9,42,568,9,4,5
24,160,1172,2,1,1
8,167,784,8,1,7
20,149,1024,2,1,1
22,127,611,2,1,6
5,27,116,5,2,1
20,37,417,2,3,4
0,63,186,0,6,1
9,131,583,9,1,5
17,43,309,1,4,3
5,61,192,5,6,1
3,20,103,3,2,1
5,183,892,5,1,8
13,234,859,1,2,8
23,302,974,2,3,9
11,183,808,1,1,8
28,246,1028,2,2,1
12,81,302,1,8,3
29,212,825,2,2,8
8,107,422,8,1,4
18,215,870,1,2,8
0,8,11,0,8,1
10,224,1021,1,2,1
18,214,800,1,2,8
12,108,663,1,1,6
25,145,639,2,1,6
24,183,826,2,1,8
15,437,1092,1,4,1
17,509,1233,1,5,1
20,457,1300,2,4,1
10,250,676,1,2,6
19,324,756,1,3,7
14,419,992,1,4,9
11,98,950,1,9,9
13,222,871,1,2,8
16,421,1253,1,4,1
13,337,748,1,3,7
16,165,690,1,1,6
13,207,1056,1,2,1
10,276,971,1,2,9
34,671,1755,3,6,1
15,142,920,1,1,9
8,92,852,8,9,8
13,127,885,1,1,8
17,230,932,1,2,9
14,217,662,1,2,6
22,488,567,2,4,5
6,414,869,6,4,8
16,168,1065,1,1,1
16,118,690,1,1,6
9,199,1083,9,1,1
33,309,1196,3,3,1
11,163,748,1,1,7
17,151,801,1,1,8
15,102,686,1,1,6
15,160,737,1,1,7
13,351,937,1,3,9
24,412,1309,2,4,1
25,187,1006,2,1,1
35,316,1165,3,3,1
31,96,506,3,9,5
22,165,562,2,1,5
13,93,371,1,9,3
25,156,622,2,1,6
21,126,518,2,1,5
4,27,149,4,2,1
18,201,524,1,2,5
17,115,339,1,1,3
12,35,180,1,3,1
15,180,587,1,1,5
23,207,632,2,2,6
0,41,184,0,4,1
15,168,478,1,1,4
22,177,576,2,1,5
24,89,442,2,8,4
25,87,382,2,8,3
10,115,354,1,1,3
20,252,571,2,2,5
16,151,331,1,1,3
12,137,394,1,1,3
20,117,597,2,1,5
19,97,325,1,9,3
18,133,439,1,1,4
11,86,299,1,8,2
18,167,573,1,1,5
14,157,417,1,1,4
12,113,381,1,1,3
10,213,560,1,2,5
20,195,472,2,1,4
15,203,458,1,2,4
10,98,372,1,9,3
23,353,949,2,3,9
17,305,706,1,3,7
24,369,609,2,3,6
16,432,716,1,4,7
21,421,560,2,4,5
24,1027,1340,2,1,1
29,831,977,2,8,9
52,1344,1413,5,1,1
35,861,931,3,8,9
5,27,28,5,2,2
15,617,521,1,6,5
35,733,906,3,7,9
27,681,721,2,6,7
30,444,700,3,4,7
51,1062,1066,5,1,1
28,844,737,2,8,7
13,284,262,1,2,2
12,431,442,1,4,4
36,685,825,3,6,8
57,887,1158,5,8,1
26,705,815,2,7,8
2,102,135,2,1,1
37,781,1041,3,7,1
39,813,1090,3,8,1
4,27,4,4,2,4
2,7,15,2,7,1
2,31,30,2,3,3
1,26,31,1,2,3
2,22,40,2,2,4
5,35,51,5,3,5
2,34,15,2,3,1
2,24,22,2,2,2
4,28,40,4,2,4
5,54,84,5,5,8
3,28,49,3,2,4
2,31,11,2,3,1
3,69,101,3,6,1
12,58,73,1,5,7
2,56,98,2,5,9
1,22,30,1,2,3
3,5,19,3,5,1
1,5,12,1,5,1
1,10,16,1,1,1
5,17,26,5,1,2
1,16,12,1,1,1
8,56,64,8,5,6
3,57,13,3,5,1
2,59,35,2,5,3
4,24,16,4,2,1
1,9,16,1,9,1
6,67,54,6,6,5
0,46,8,0,4,8
1,60,33,1,6,3
2,17,11,2,1,1
1,22,21,1,2,2
2,41,23,2,4,2
13,123,141,1,1,1
0,59,29,0,5,2
4,46,23,4,4,2
6,31,40,6,3,4
9,139,138,9,1,1
1,79,17,1,7,1
0,63,21,0,6,2
2,23,28,2,2,2
4,91,111,4,9,1
19,228,244,1,2,2
18,265,267,1,2,2
21,296,275,2,2,2
2,57,25,2,5,2
2,10,19,2,1,1
7,62,44,7,6,4
3,8,11,3,8,1
3,40,29,3,4,2
2,28,32,2,2,3
1,35,33,1,3,3
4,39,20,4,3,2
1,22,32,1,2,3
1,45,14,1,4,1
4,54,26,4,5,2
1,64,48,1,6,4
4,36,30,4,3,3
7,44,28,7,4,2
19,154,127,1,1,1
9,76,99,9,7,9
3,29,11,3,2,1
5,55,25,5,5,2
3,40,32,3,4,3
4,49,29,4,4,2
2,34,26,2,3,2
0,43,27,0,4,2
5,33,52,5,3,5
18,157,253,1,1,2
2,42,52,2,4,5
6,79,56,6,7,5
6,48,13,6,4,1
5,93,115,5,9,1
3,44,26,3,4,2
4,42,28,4,4,2
0,62,32,0,6,3
3,63,96,3,6,9
0,25,49,0,2,4
4,44,46,4,4,4
21,153,186,2,1,1
3,49,35,3,4,3
8,53,94,8,5,9
4,37,62,4,3,6
12,166,169,1,1,1
2,50,24,2,5,2
4,37,37,4,3,3
2,38,53,2,3,5
3,29,22,3,2,2
1,48,38,1,4,3
7,39,68,7,3,6
3,30,33,3,3,3
36,421,512,3,4,5
0,40,24,0,4,2
1,45,52,1,4,5
4,63,34,4,6,3
0,0,0,0,0,0
12,148,229,1,1,2
7,52,104,7,5,1
2,39,72,2,3,7
3,62,60,3,6,6
3,59,58,3,5,5
1,40,28,1,4,2
1,49,46,1,4,4
17,386,457,1,3,4
14,247,212,1,2,2
1,4,3,1,4,3
12,212,244,1,2,2
7,189,140,7,1,1
27,485,620,2,4,6
31,531,721,3,5,7
53,703,1054,5,7,1
54,612,917,5,6,9
10,291,218,1,2,2
42,666,370,4,6,3
25,124,174,2,1,1
8,185,97,8,1,9
6,41,56,6,4,5
5,42,690,5,4,6
16,572,1017,1,5,1
12,330,551,1,3,5
10,344,600,1,3,6
23,286,789,2,2,7
16,168,721,1,1,7
11,100,619,1,1,6
3,169,187,3,1,1
5,67,76,5,6,7
12,222,206,1,2,2
14,197,181,1,1,1
15,315,226,1,3,2
10,169,153,1,1,1
13,246,160,1,2,1
12,321,301,1,3,3
9,252,177,9,2,1
0,127,108,0,1,1
5,51,10,5,5,1
10,75,45,1,7,4
8,82,52,8,8,5
4,68,18,4,6,1
1,29,11,1,2,1
5,20,24,5,2,2
14,164,70,1,1,7
2,4,13,2,4,1
10,35,18,1,3,1
4,10,9,4,1,9
30,362,322,3,3,3
12,103,86,1,1,8
23,170,148,2,1,1
8,113,82,8,1,8
0,61,28,0,6,2
2,67,27,2,6,2
5,25,14,5,2,1
4,41,27,4,4,2
10,121,32,1,1,3
1,34,29,1,3,2
2,46,20,2,4,2
2,46,22,2,4,2
4,34,10,4,3,1
5,32,24,5,3,2
5,72,59,5,7,5
2,28,28,2,2,2
7,25,36,7,2,3
5,17,24,5,1,2
6,36,17,6,3,1
0,34,14,0,3,1
1,30,24,1,3,2
6,27,25,6,2,2
3,38,14,3,3,1
7,82,44,7,8,4
2,53,50,2,5,5
3,27,22,3,2,2
9,130,142,9,1,1
4,26,22,4,2,2
7,41,50,7,4,5
2,33,21,2,3,2
7,120,82,7,1,8
0,4,6,0,4,6
14,390,174,1,3,1
6,102,68,6,1,6
0,15,4,0,1,4
8,86,60,8,8,6
4,64,42,4,6,4
2,33,22,2,3,2
11,234,78,1,2,7
1,12,8,1,1,8
0,34,18,0,3,1
2,4,6,2,4,6
0,14,11,0,1,1
0,5,6,0,5,6
0,7,8,0,7,8
4,23,28,4,2,2
2,15,20,2,1,2
1,32,15,1,3,1
29,465,355,2,4,3
3,81,44,3,8,4
6,59,28,6,5,2
2,31,24,2,3,2
5,146,74,5,1,7
0,10,8,0,1,8
4,49,51,4,4,5
0,33,43,0,3,4
0,4,7,0,4,7
15,272,201,1,2,2
8,25,68,8,2,6
6,57,140,6,5,1
0,17,80,0,1,8
5,34,71,5,3,7
3,31,51,3,3,5
2,16,44,2,1,4
1,11,29,1,1,2
28,273,422,2,2,4
16,128,253,1,1,2
2,1,19,2,1,1
6,122,141,6,1,1
18,125,315,1,1,3
14,194,269,1,1,2
6,135,203,6,1,2
0,3,2,0,3,2
13,137,258,1,1,2
1,2,19,1,2,1
17,131,299,1,1,2
13,422,521,1,4,5
8,36,49,8,3,4
6,121,269,6,1,2
62,476,1288,6,4,1
17,144,251,1,1,2
5,74,85,5,7,8
6,70,150,6,7,1
8,75,137,8,7,1
0,40,24,0,4,2
3,17,69,3,1,6
14,328,716,1,3,7
14,269,735,1,2,7
19,394,805,1,3,8
13,361,747,1,3,7
17,374,746,1,3,7
23,571,1192,2,5,1
13,305,796,1,3,7
13,502,877,1,5,8
5,196,464,5,1,4
24,344,502,2,3,5
18,534,1043,1,5,1
10,187,678,1,1,6
10,192,651,1,1,6
12,120,522,1,1,5
15,179,847,1,1,8
13,346,847,1,3,8
13,105,543,1,1,5
8,146,475,8,1,4
8,64,300,8,6,3
8,113,371,8,1,3
11,118,415,1,1,4
23,298,607,2,2,6
15,390,666,1,3,6
13,349,725,1,3,7
20,386,666,2,3,6
19,173,514,1,1,5
12,158,460,1,1,4
9,78,258,9,7,2
18,238,753,1,2,7
17,198,613,1,1,6
10,185,503,1,1,5
20,343,875,2,3,8
6,169,387,6,1,3
23,271,713,2,2,7
16,331,579,1,3,5
3,70,84,3,7,8
2,36,58,2,3,5
10,19,34,1,1,3
33,555,919,3,5,9
24,101,171,2,1,1
18,170,427,1,1,4
27,145,340,2,1,3
2,60,162,2,6,1
0,12,20,0,1,2
37,413,671,3,4,6
12,48,102,1,4,1
2,35,24,2,3,2
6,34,143,6,3,1
5,40,62,5,4,6
9,304,393,9,3,3
6,113,217,6,1,2
31,263,462,3,2,4
14,352,455,1,3,4
25,462,618,2,4,6
6,78,118,6,7,1
4,12,43,4,1,4
10,234,282,1,2,2
0,24,37,0,2,3
1,11,16,1,1,1
16,441,645,1,4,6
5,405,635,5,4,6
29,520,832,2,5,8
6,66,200,6,6,2
4,31,125,4,3,1
5,127,287,5,1,2
6,150,251,6,1,2
15,218,501,1,2,5
9,113,222,9,1,2
7,97,173,7,9,1
9,143,233,9,1,2
17,246,539,1,2,5
24,338,713,2,3,7
27,393,856,2,3,8
34,298,635,3,2,6
11,103,205,1,1,2
0,19,29,0,1,2
4,24,37,4,2,3
4,20,73,4,2,7
16,420,597,1,4,5
6,51,82,6,5,8
12,90,82,1,9,8
1,4,25,1,4,2
6,25,28,6,2,2
5,78,141,5,7,1
3,8,34,3,8,3
2,8,26,2,8,2
1,39,79,1,3,7
16,190,408,1,1,4
2,12,30,2,1,3
16,279,431,1,2,4
17,208,456,1,2,4
0,9,27,0,9,2
28,244,440,2,2,4
3,11,22,3,1,2
4,39,84,4,3,8
13,143,196,1,1,1
3,47,56,3,4,5
1,41,57,1,4,5
1,73,119,1,7,1
6,36,60,6,3,6
2,60,53,2,6,5
2,37,51,2,3,5
10,76,132,1,7,1
4,16,28,4,1,2
2,40,43,2,4,4
1,4,12,1,4,1
24,340,822,2,3,8
26,616,990,2,6,9
7,70,117,7,7,1
20,288,508,2,2,5
1,24,72,1,2,7
4,23,44,4,2,4
2,29,41,2,2,4
5,58,147,5,5,1
0,0,0,0,0,0
3,36,94,3,3,9
8,46,94,8,4,9
18,181,193,1,1,1
0,1,0,0,1,0
1,44,80,1,4,8
6,253,226,6,2,2
2,31,43,2,3,4
0,2,10,0,2,1
6,78,143,6,7,1
0,0,0,0,0,0
0,0,4,0,0,4
0,1,8,0,1,8
1,18,26,1,1,2
5,69,34,5,6,3
2,5,55,2,5,5
8,37,44,8,3,4
2,3,17,2,3,1
1,8,5,1,8,5
0,15,63,0,1,6
3,76,112,3,7,1
22,276,523,2,2,5
27,256,345,2,2,3
24,144,330,2,1,3
24,225,396,2,2,3
18,245,501,1,2,5
9,30,73,9,3,7
20,214,466,2,2,4
17,149,188,1,1,1
11,127,202,1,1,2
7,31,22,7,3,2
3,23,43,3,2,4
13,102,157,1,1,1
4,36,104,4,3,1
1,41,40,1,4,4
59,961,806,5,9,8
9,214,139,9,2,1
3,116,68,3,1,6
22,696,395,2,6,3
45,1493,665,4,1,6
19,858,460,1,8,4
11,440,236,1,4,2
7,187,157,7,1,1
31,634,485,3,6,4
23,279,208,2,2,2
10,341,177,1,3,1
27,939,519,2,9,5
35,711,647,3,7,6
22,600,466,2,6,4
16,388,322,1,3,3
26,675,649,2,6,6
28,823,578,2,8,5
20,871,555,2,8,5
20,609,361,2,6,3
19,439,319,1,4,3
14,665,464,1,6,4
7,140,87,7,1,8
13,366,197,1,3,1
14,204,276,1,2,2
28,671,665,2,6,6
30,658,610,3,6,6
22,845,705,2,8,7
8,520,272,8,5,2
31,871,663,3,8,6
30,963,698,3,9,6
12,362,367,1,3,3
24,523,583,2,5,5
28,367,437,2,3,4
15,312,339,1,3,3
24,575,447,2,5,4
16,356,393,1,3,3
28,532,549,2,5,5
9,258,265,9,2,2
26,419,415,2,4,4
9,490,261,9,4,2
24,688,562,2,6,5
14,377,280,1,3,2
10,471,306,1,4,3
1,3,20,1,3,2
3,62,47,3,6,4
30,991,477,3,9,4
23,639,367,2,6,3
31,794,523,3,7,5
41,1101,522,4,1,5
33,393,373,3,3,3
18,347,270,1,3,2
50,831,540,5,8,5
25,538,404,2,5,4
16,380,214,1,3,2
13,93,71,1,9,7
19,410,276,1,4,2
26,551,430,2,5,4
17,707,351,1,7,3
22,419,346,2,4,3
19,492,427,1,4,4
23,536,360,2,5,3
19,560,288,1,5,2
32,803,436,3,8,4
32,557,373,3,5,3
0,15,25,0,1,2
9,177,294,9,1,2
13,199,299,1,1,2
20,284,446,2,2,4
20,385,182,2,3,1
32,377,270,3,3,2
27,452,264,2,4,2
27,525,306,2,5,3
11,347,205,1,3,2
23,370,210,2,3,2
26,717,405,2,7,4
30,700,489,3,7,4
13,718,464,1,7,4
28,577,561,2,5,5
19,571,359,1,5,3
26,799,381,2,7,3
3,26,14,3,2,1
3,77,58,3,7,5
33,399,425,3,3,4
13,125,132,1,1,1
2,46,37,2,4,3
4,66,38,4,6,3
9,65,57,9,6,5
12,158,84,1,1,8
38,344,401,3,3,4
10,124,135,1,1,1
4,50,43,4,5,4
11,124,77,1,1,7
13,149,81,1,1,8
15,138,180,1,1,1
9,147,101,9,1,1
12,118,86,1,1,8
5,60,72,5,6,7
0,0,0,0,0,0
4,71,52,4,7,5
9,64,57,9,6,5
9,119,69,9,1,6
3,46,41,3,4,4
5,72,51,5,7,5
5,71,39,5,7,3
5,141,71,5,1,7
26,221,245,2,2,2
35,424,309,3,4,3
15,197,110,1,1,1
4,61,23,4,6,2
12,303,233,1,3,2
13,260,148,1,2,1
13,206,200,1,2,2
7,102,147,7,1,1
34,570,425,3,5,4
7,82,134,7,8,1
0,0,0,0,0,0
49,665,615,4,6,6
18,459,413,1,4,4
17,194,277,1,1,2
3,57,51,3,5,5
4,39,59,4,3,5
26,291,223,2,2,2
7,59,66,7,5,6
4,59,46,4,5,4
20,280,233,2,2,2
13,222,116,1,2,1
16,142,97,1,1,9
8,71,30,8,7,3
4,48,26,4,4,2
6,99,57,6,9,5
10,255,154,1,2,1
14,118,106,1,1,1
10,98,110,1,9,1
9,214,76,9,2,7
3,53,34,3,5,3
2,19,7,2,1,7
5,60,34,5,6,3
16,379,258,1,3,2
7,159,73,7,1,7
14,407,313,1,4,3
24,396,259,2,3,2
2,37,15,2,3,1
32,501,379,3,5,3
3,167,103,3,1,1
20,261,113,2,2,1
14,136,108,1,1,1
6,160,135,6,1,1
4,64,34,4,6,3
3,41,32,3,4,3
10,109,71,1,1,7
36,410,408,3,4,4
14,340,325,1,3,3
2,44,18,2,4,1
11,278,249,1,2,2
24,555,388,2,5,3
2,19,13,2,1,1
1,14,10,1,1,1
48,807,449,4,8,4
19,103,197,1,1,1
15,204,364,1,2,3
11,91,190,1,9,1
21,202,278,2,2,2
12,132,224,1,1,2
16,388,367,1,3,3
15,132,389,1,1,3
25,427,649,2,4,6
15,551,605,1,5,6
23,371,488,2,3,4
44,570,602,4,5,6
16,240,287,1,2,2
16,264,340,1,2,3
21,351,463,2,3,4
22,364,503,2,3,5
10,279,359,1,2,3
11,134,205,1,1,2
18,182,219,1,1,2
20,301,518,2,3,5
24,413,431,2,4,4
27,771,615,2,7,6
26,715,626,2,7,6
17,219,409,1,2,4
42,552,691,4,5,6
11,307,248,1,3,2
0,2,2,0,2,2
6,65,30,6,6,3
10,81,59,1,8,5
1,15,10,1,1,1
24,179,98,2,1,9
19,456,403,1,4,4
20,631,375,2,6,3
8,358,341,8,3,3
28,510,454,2,5,4
11,339,229,1,3,2
18,428,402,1,4,4
22,407,363,2,4,3
49,744,557,4,7,5
8,272,126,8,2,1
1,12,8,1,1,8
4,56,38,4,5,3
19,244,328,1,2,3
22,398,508,2,3,5
13,142,171,1,1,1
1,26,27,1,2,2
32,643,455,3,6,4
3,67,44,3,6,4
8,104,89,8,1,8
15,110,93,1,1,9
18,222,367,1,2,3
11,80,97,1,8,9
6,99,66,6,9,6
12,133,91,1,1,9
18,120,140,1,1,1
7,142,90,7,1,9
13,110,80,1,1,8
25,198,208,2,1,2
9,101,101,9,1,1
3,118,85,3,1,8
8,80,55,8,8,5
19,350,429,1,3,4
34,533,493,3,5,4
28,336,334,2,3,3
31,702,489,3,7,4
13,242,258,1,2,2
13,291,268,1,2,2
28,428,461,2,4,4
31,464,486,3,4,4
19,427,350,1,4,3
15,390,348,1,3,3
7,172,93,7,1,9
24,127,139,2,1,1
12,68,87,1,6,8
1,32,18,1,3,1
2,40,15,2,4,1
5,95,100,5,9,1
2,88,29,2,8,2
1,56,66,1,5,6
0,22,25,0,2,2
1,27,21,1,2,2
0,18,29,0,1,2
4,91,73,4,9,7
4,137,103,4,1,1
2,106,26,2,1,2
0,70,8,0,7,8
2,70,11,2,7,1
11,73,195,1,7,1
3,166,239,3,1,2
14,89,237,1,8,2
18,71,321,1,7,3
8,140,284,8,1,2
6,196,184,6,1,1
4,103,65,4,1,6
1,29,26,1,2,2
0,35,33,0,3,3
2,22,36,2,2,3
0,20,16,0,2,1
2,66,38,2,6,3
2,16,18,2,1,1
16,181,358,1,1,3
6,47,46,6,4,4
20,229,366,2,2,3
14,255,360,1,2,3
5,48,101,5,4,1
1,22,70,1,2,7
1,36,32,1,3,3
1,27,34,1,2,3
1,12,18,1,1,1
3,16,30,3,1,3
2,22,28,2,2,2
0,41,31,0,4,3
2,17,36,2,1,3
2,32,29,2,3,2
2,32,51,2,3,5
3,15,29,3,1,2
2,6,42,2,6,4
7,156,143,7,1,1
2,48,75,2,4,7
0,25,40,0,2,4
0,6,24,0,6,2
0,11,31,0,1,3
2,33,53,2,3,5
1,82,50,1,8,5
1,26,33,1,2,3
1,37,31,1,3,3
1,27,36,1,2,3
3,12,21,3,1,2
7,70,105,7,7,1
3,20,42,3,2,4
5,89,55,5,8,5
10,78,80,1,7,8
5,53,65,5,5,6
12,169,147,1,1,1
15,96,153,1,9,1
11,99,105,1,9,1
9,65,78,9,6,7
8,149,144,8,1,1
4,10,23,4,1,2
17,113,161,1,1,1
13,78,138,1,7,1
14,92,92,1,9,9
4,107,70,4,1,7
9,82,53,9,8,5
6,158,101,6,1,1
4,62,72,4,6,7
8,142,126,8,1,1
9,117,144,9,1,1
6,25,46,6,2,4
8,48,74,8,4,7
11,179,106,1,1,1
8,128,130,8,1,1
5,60,56,5,6,5
8,172,122,8,1,1
31,394,396,3,3,3
11,225,145,1,2,1
10,137,76,1,1,7
0,36,32,0,3,3
10,99,96,1,9,9
12,127,97,1,1,9
20,266,248,2,2,2
6,135,79,6,1,7
7,103,60,7,1,6
0,0,0,0,0,0
3,63,73,3,6,7
7,146,81,7,1,8
15,126,107,1,1,1
2,19,8,2,1,8
3,60,38,3,6,3
3,91,81,3,9,8
1,15,15,1,1,1
18,45,135,1,4,1
2,9,22,2,9,2
0,20,15,0,2,1
2,22,21,2,2,2
2,11,24,2,1,2
5,23,31,5,2,3
3,45,69,3,4,6
0,25,15,0,2,1
0,32,27,0,3,2
1,12,17,1,1,1
0,4,10,0,4,1
1,17,25,1,1,2
2,32,16,2,3,1
1,20,10,1,2,1
0,7,13,0,7,1
3,17,20,3,1,2
7,94,165,7,9,1
9,105,216,9,1,2
2,17,16,2,1,1
0,8,5,0,8,5
6,90,61,6,9,6
10,165,108,1,1,1
8,159,104,8,1,1
13,118,79,1,1,7
7,58,40,7,5,4
13,280,294,1,2,2
2,7,29,2,7,2
14,72,76,1,7,7
3,40,53,3,4,5
8,68,107,8,6,1
13,86,122,1,8,1
22,213,274,2,2,2
18,211,286,1,2,2
28,259,361,2,2,3
11,117,172,1,1,1
11,178,122,1,1,1
5,36,18,5,3,1
3,22,10,3,2,1
3,31,34,3,3,3
15,94,85,1,9,8
9,75,69,9,7,6
6,62,118,6,6,1
37,276,229,3,2,2
16,267,203,1,2,2
5,103,65,5,1,6
12,115,243,1,1,2
14,146,227,1,1,2
13,112,166,1,1,1
4,47,66,4,4,6
4,109,54,4,1,5
13,180,133,1,1,1
5,32,30,5,3,3
2,10,6,2,1,6
5,129,54,5,1,5
7,212,127,7,2,1
4,45,22,4,4,2
5,15,17,5,1,1
1,62,29,1,6,2
2,58,35,2,5,3
3,52,25,3,5,2
3,44,34,3,4,3
17,288,231,1,2,2
2,11,17,2,1,1
5,73,27,5,7,2
6,32,36,6,3,3
7,100,72,7,1,7
5,79,63,5,7,6
9,94,111,9,9,1
6,45,63,6,4,6
6,127,100,6,1,1
8,210,132,8,2,1
7,108,49,7,1,4
16,226,203,1,2,2
9,162,162,9,1,1
16,268,268,1,2,2
7,251,126,7,2,1
4,140,32,4,1,3
7,87,66,7,8,6
10,120,127,1,1,1
2,50,37,2,5,3
0,0,2,0,0,2
9,71,53,9,7,5
6,130,128,6,1,1
25,304,375,2,3,3
6,98,113,6,9,1
18,153,221,1,1,2
5,86,69,5,8,6
7,123,79,7,1,7
3,88,83,3,8,8
3,55,30,3,5,3
4,50,37,4,5,3
28,291,333,2,2,3
9,97,154,9,9,1
29,401,456,2,4,4
7,107,158,7,1,1
15,65,112,1,6,1
15,196,257,1,1,2
5,71,62,5,7,6
15,374,253,1,3,2
7,185,228,7,1,2
7,200,181,7,2,1
8,195,188,8,1,1
6,197,169,6,1,1
22,379,479,2,3,4
15,534,376,1,5,3
6,212,281,6,2,2
7,494,501,7,4,5
23,443,478,2,4,4
14,404,473,1,4,4
17,532,726,1,5,7
32,576,649,3,5,6
38,433,738,3,4,7
25,496,693,2,4,6
31,703,693,3,7,6
28,461,630,2,4,6
3,189,172,3,1,1
30,544,645,3,5,6
8,413,173,8,4,1
17,432,337,1,4,3
26,460,451,2,4,4
27,595,556,2,5,5
36,890,623,3,8,6
28,655,551,2,6,5
43,1022,807,4,1,8
32,1360,939,3,1,9
3,50,85,3,5,8
0,1,0,0,1,0
30,983,696,3,9,6
9,143,76,9,1,7
27,692,552,2,6,5
14,652,525,1,6,5
10,363,196,1,3,1
39,755,694,3,7,6
30,1214,946,3,1,9
22,397,428,2,3,4
4,77,86,4,7,8
19,171,290,1,1,2
7,48,120,7,4,1
43,860,952,4,8,9
41,1135,1103,4,1,1
5,143,281,5,1,2
19,733,710,1,7,7
31,443,586,3,4,5
23,349,556,2,3,5
9,319,503,9,3,5
38,574,938,3,5,9
30,464,681,3,4,6
33,536,740,3,5,7
30,622,589,3,6,5
35,855,1063,3,8,1
6,299,321,6,2,3
15,271,376,1,2,3
17,521,580,1,5,5
4,118,104,4,1,1
6,92,97,6,9,9
6,140,173,6,1,1
5,39,42,5,3,4
32,230,413,3,2,4
15,228,319,1,2,3
34,988,973,3,9,9
11,270,369,1,2,3
17,353,754,1,3,7
17,325,514,1,3,5
33,509,831,3,5,8
29,886,861,2,8,8
25,593,729,2,5,7
6,413,414,6,4,4
24,690,582,2,6,5
32,1161,752,3,1,7
5,80,91,5,8,9
13,63,121,1,6,1
34,467,733,3,4,7
29,859,965,2,8,9
16,347,453,1,3,4
37,661,886,3,6,8
25,587,924,2,5,9
16,651,660,1,6,6
16,697,745,1,6,7
25,909,847,2,9,8
31,1053,994,3,1,9
25,876,822,2,8,8
16,836,945,1,8,9
29,765,771,2,7,7
13,821,526,1,8,5
11,465,477,1,4,4
7,638,336,7,6,3
13,991,717,1,9,7
4,32,43,4,3,4
8,51,48,8,5,4
6,70,97,6,7,9
3,86,25,3,8,2
2,5,16,2,5,1
1,38,35,1,3,3
2,4,16,2,4,1
3,36,44,3,3,4
3,70,84,3,7,8
26,220,326,2,2,3
10,83,60,1,8,6
4,52,67,4,5,6
2,24,27,2,2,2
1,33,52,1,3,5
2,13,10,2,1,1
7,64,82,7,6,8
6,71,74,6,7,7
21,255,378,2,2,3
18,234,378,1,2,3
2,53,56,2,5,5
3,69,25,3,6,2
1,58,17,1,5,1
0,17,7,0,1,7
1,15,32,1,1,3
2,16,7,2,1,7
2,27,21,2,2,2
13,221,214,1,2,2
15,171,173,1,1,1
11,91,131,1,9,1
3,58,36,3,5,3
8,24,32,8,2,3
0,16,6,0,1,6
1,11,11,1,1,1
2,29,13,2,2,1
1,8,3,1,8,3
1,20,19,1,2,1
3,25,25,3,2,2
3,14,24,3,1,2
1,13,17,1,1,1
0,12,15,0,1,1
0,13,12,0,1,1
1,11,10,1,1,1
2,20,18,2,2,1
1,9,5,1,9,5
1,17,8,1,1,8
1,25,14,1,2,1
1,39,21,1,3,2
1,28,19,1,2,1
2,40,57,2,4,5
2,36,24,2,3,2
3,12,19,3,1,1
2,27,14,2,2,1
2,24,21,2,2,2
12,86,56,1,8,5
8,64,90,8,6,9
6,115,80,6,1,8
6,25,33,6,2,3
3,68,66,3,6,6
3,101,48,3,1,4
25,268,390,2,2,3
24,226,235,2,2,2
4,51,49,4,5,4
6,59,59,6,5,5
6,79,75,6,7,7
24,275,276,2,2,2
0,2,2,0,2,2
34,238,260,3,2,2
1,10,16,1,1,1
6,28,44,6,2,4
7,46,40,7,4,4
14,153,134,1,1,1
10,100,75,1,1,7
4,123,69,4,1,6
18,130,99,1,1,9
8,118,124,8,1,1
11,122,131,1,1,1
64,611,574,6,6,5
10,90,98,1,9,9
7,93,82,7,9,8
19,105,118,1,1,1
3,28,45,3,2,4
10,116,87,1,1,8
9,127,89,9,1,8
3,30,31,3,3,3
21,238,190,2,2,1
17,149,205,1,1,2
12,303,346,1,3,3
21,156,245,2,1,2
16,299,346,1,2,3
16,143,298,1,1,2
18,155,269,1,1,2
18,139,321,1,1,3
7,84,194,7,8,1
17,119,229,1,1,2
8,96,219,8,9,2
13,121,339,1,1,3
10,89,198,1,8,1
16,125,241,1,1,2
23,132,236,2,1,2
5,217,300,5,2,3
17,378,421,1,3,4
4,60,80,4,6,8
50,1213,769,5,1,7
10,291,222,1,2,2
27,475,507,2,4,5
66,1241,941,6,1,9
51,861,713,5,8,7
29,650,529,2,6,5
0,33,22,0,3,2
17,501,257,1,5,2
20,358,208,2,3,2
23,282,256,2,2,2
20,334,208,2,3,2
28,497,335,2,4,3
13,370,121,1,3,1
29,622,401,2,6,4
0,14,9,0,1,9
68,1313,898,6,1,8
20,771,426,2,7,4
17,273,190,1,2,1
27,583,337,2,5,3
0,1,0,0,1,0
27,276,255,2,2,2
37,360,284,3,3,2
15,432,306,1,4,3
0,44,21,0,4,2
22,423,251,2,4,2
8,232,118,8,2,1
102,1835,1683,1,1,1
27,755,484,2,7,4
38,545,404,3,5,4
59,1518,904,5,1,9
58,1293,874,5,1,8
2,74,71,2,7,7
17,642,528,1,6,5
48,789,511,4,7,5
61,1416,805,6,1,8
45,2147,1213,4,2,1
29,634,385,2,6,3
2,24,22,2,2,2
10,339,244,1,3,2
15,191,110,1,1,1
9,279,144,9,2,1
11,261,205,1,2,2
13,304,155,1,3,1
2,23,42,2,2,4
14,279,319,1,2,3
12,121,169,1,1,1
5,47,32,5,4,3
6,47,22,6,4,2
0,30,17,0,3,1
1,22,15,1,2,1
6,48,46,6,4,4
12,250,451,1,2,4
2,58,36,2,5,3
2,24,41,2,2,4
0,3,17,0,3,1
1,39,51,1,3,5
1,29,44,1,2,4
1,75,89,1,7,8
5,74,29,5,7,2
2,46,43,2,4,4
0,32,22,0,3,2
4,46,45,4,4,4
4,27,47,4,2,4
0,63,31,0,6,3
0,14,33,0,1,3
4,43,39,4,4,3
2,49,49,2,4,4
3,99,88,3,9,8
0,26,29,0,2,2
4,36,27,4,3,2
0,26,42,0,2,4
5,57,86,5,5,8
6,39,56,6,3,5
